school_id,school_name,school_lon,school_lat,nearest_hospital_dist,nearest_clinic_dist,nearest_pharmacy_dist,nearest_any_facility_dist,nearest_facility_type,nearest_facility_name,hospitals_within_5km,clinics_within_5km,total_facilities_within_10km,weighted_access_score,access_risk_category
0,Лицей 1 Фархорского района,69.3970217,37.5009372,0.010126895144410081,0.01171107563046346,0.4019415902853611,0.010126895144410081,hospital,Ибни Сино,2,1,3,4.441355560437948,Medium Risk
1,Муассисаи Таҳсилоти миенаи умуми №15,69.3212923,38.7223934,0.0020360388875654573,0.3422073977465523,0.001713766043236915,0.001713766043236915,pharmacy,,1,0,2,3.0187740119996844,Medium Risk
2,,68.9716696,39.3465406,0.01068078221909055,0.5563133286589734,0.41158320897199885,0.01068078221909055,hospital,,1,0,1,4.564278587653989,Medium Risk
5,,68.0675898,39.290713,0.05712448449601142,0.3442960543615394,0.48154957684136673,0.05712448449601142,hospital,,0,0,1,6.142833039016205,High Risk
6,Школа №51 Ободи,68.9950803,39.8959321,0.019633462888364723,0.011082471910178828,0.01739456460899517,0.011082471910178828,clinic,Детская поликлиника,5,2,15,0.17045151002455783,Low Risk
7,Школа №5 Ба номи (Мастибек Паллаев),71.3872995,37.9143253,0.17872785386617412,0.1814737675731854,0.17259743267858427,0.07358370920135142,doctors,,0,0,1,2.4652677929022957,Medium Risk
8,Школа №1 Имени Борона Назурова,69.0377958,38.3159338,0.2403256636119713,0.23964872574784987,0.22571322124303733,0.22571322124303733,pharmacy,Дорухона,0,0,0,2.715056079760508,Medium Risk
10,Мактаби №96,68.7229319,38.5875798,0.010211664695612518,0.00906644058237887,0.0019266447475554198,0.0019266447475554198,pharmacy,Дорухона,9,3,181,0.11348573146917204,Low Risk
11,Мактаби №89,68.7302376,38.5776602,0.0036884206851060418,0.018098067128821182,0.0031478122555910247,0.0031478122555910247,pharmacy,Дорухона,9,3,185,0.10125485101113049,Low Risk
12,"Маркази омӯзиши забонҳо ва компютерии ""ШАФАҚ""",68.7921989,38.5760577,0.0021341153730871443,0.004965521016553913,0.0008615291505633335,0.0008615291505633335,pharmacy,Аптека No. 5,30,10,192,0.028862953403188268,Low Risk
13,,70.6880254,38.401295,0.1133450293027777,0.5900159718121439,0.11359905241751513,0.1133450293027777,hospital,Qal'ai Khumb Hospital,0,0,0,5.481135712122143,High Risk
14,Мактаби №5,68.7784374,37.8469856,0.01029779155989629,0.0090666357969249,0.002393130126927009,0.002393130126927009,pharmacy,Аптека,3,10,55,0.13518611879233255,Low Risk
15,Мактаби №2 ба номи В.И. Ленин,69.0182835,38.5450559,0.0107582715332324,0.010139322897377375,0.004240344362278459,0.004240344362278459,pharmacy,Дорухона,2,4,12,0.9799764541264513,Medium Risk
16,Мактаби №3 ба номи В. Терешкова,69.0188555,38.5537204,0.002392190560107827,0.0020362819753830374,0.003259878480319675,0.0020362819753830374,clinic,Маркази СПИД,3,4,12,0.9589900369163352,Medium Risk
17,Гимназияи ба номи Абулфазли Балъамӣ,69.0133255,38.5585542,0.006392253016575258,0.007365181022687458,0.0028450697785379077,0.0028450697785379077,pharmacy,Сартарошхона,2,4,12,0.9402170892695179,Medium Risk
21,,69.8217094,37.9809508,0.06745219129169222,0.06649424751047153,0.060848481669952825,0.060848481669952825,pharmacy,,0,0,10,5.3312392994408215,High Risk
22,,69.8142314,37.9612526,0.04731819142234741,0.045974886111832695,0.039937643252278394,0.039937643252278394,pharmacy,,1,1,10,5.1902415521203995,High Risk
32,,67.8138468,39.2828138,0.011603299273720223,0.5516503406726251,0.30672459405138514,0.011603299273720223,hospital,,1,0,1,6.718076219080803,High Risk
33,,67.8543091,39.1289606,0.04473871120961404,0.46650414935141865,0.44968246016447555,0.04473871120961404,hospital,,2,0,2,6.345513996882959,High Risk
34,,67.838202,39.1849756,0.01582701443522144,0.49460796952182634,0.3953512086349632,0.01582701443522144,hospital,,2,0,2,6.455392141921571,High Risk
35,Мактаби миенаи дехоти Шинг №11,67.8043003,39.2778855,0.001620321494316026,0.5582966155275472,0.30333282105219034,0.001620321494316026,hospital,,1,0,1,6.725751594602535,High Risk
36,,68.7300685,38.5711562,0.0077203524364303205,0.021672519163833257,0.007086367368476925,0.007086367368476925,pharmacy,Дорухона,9,3,190,0.13224279398072558,Low Risk
37,iCenter,68.7407429,38.5629549,0.01702238129991807,0.01800435281715344,0.007728952620686078,0.003123273408643196,doctors,Поликлиника,18,5,191,0.12726266834935251,Low Risk
38,,68.724551,38.5605185,0.017634923416373384,0.027334053104705255,0.017255930090065864,0.017255930090065864,pharmacy,Дорухона,12,3,182,0.2189293484685773,Medium Risk
39,British school,68.7465805,38.5843179,0.009932256900152474,0.013968857964309443,0.0001230930940421525,0.0001230930940421525,pharmacy,Махсус,23,8,190,0.055326230078603676,Low Risk
40,школа 19,68.6371339,38.1269319,0.24008066879573925,0.32249340394079096,0.31577584179494217,0.24008066879573925,hospital,,0,0,0,2.836667046930564,Medium Risk
41,,68.6296419,38.1019267,0.2275220781556801,0.30013625477291783,0.29743029196937315,0.2275220781556801,hospital,,0,0,0,2.685842570891027,Medium Risk
42,мактаби 17,68.7466728,37.6639619,0.11801657882212926,0.16980723080748097,0.12436415099187544,0.11801657882212926,hospital,Беморхонаҳои марказии ноҳияҳои ба номи Кузибоев К.К.,0,0,0,1.4306484783194522,Medium Risk
43,Мактаби №79,68.7343789,38.4303258,0.05679221682009357,0.13621931450204783,0.06731298902349825,0.05679221682009357,hospital,роддом рудаки,0,0,13,0.8808991080836217,Medium Risk
44,Мактаби №14,68.7872716,38.6048217,0.002476922342572979,0.004541490019682332,0.0038456038779169366,0.002476922342572979,hospital,Маркази ташхиси табобатии Донишгоҳи давлатии тиббии Тоҷикистон,25,10,185,0.04570346426849586,Low Risk
45,,68.7853715,38.6089497,0.004765639378306049,0.0072487591119071715,0.0010097734443182795,0.0010015421762073918,doctors,Medical center TAU,21,8,185,0.0260100769474464,Low Risk
46,Мактаби №34,68.7845193,38.6074396,0.0031476059183243896,0.005614515167325961,0.00208963248527281,0.0016560659603352774,doctors,Medical center TAU,23,8,185,0.03146536731720942,Low Risk
47,Средне - общеобразовательная школа 39,68.8224349,38.565853,0.008467606909469688,0.008171680884496236,0.004047176383232731,0.004047176383232731,pharmacy,Дорухона,19,7,188,0.07066477693309664,Low Risk
48,Школа №23,68.8209101,38.5604495,0.0069535020535125185,0.008219777283389025,0.0026379502934118894,0.0026379502934118894,pharmacy,Дорухона,18,6,188,0.06357829586916154,Low Risk
49,Средняя школа номер 30,67.6115274,39.4913806,0.2425010898170913,0.8295413344953666,0.020859603780947727,0.020859603780947727,pharmacy,Панчфарм,0,0,1,8.032127228114234,High Risk
50,Школа №54,68.7478926,38.5800653,0.0077823728809501835,0.0135193517720693,0.0013546712884725802,0.0013546712884725802,pharmacy,Сифат Фарм,27,9,191,0.06495841618384293,Low Risk
51,Школа #54,68.7479374,38.579861,0.00774691168235949,0.013551227142597861,0.0012882259730549474,0.0012882259730549474,pharmacy,Сифат Фарм,27,9,191,0.06549353044811997,Low Risk
67,Мактаби №93,68.7262502,38.5863972,0.0077897038485191935,0.012216149739647268,0.002232053058502607,0.002232053058502607,pharmacy,Аптека,9,3,182,0.1001761840737008,Low Risk
68,Мактаби №93,68.7264581,38.5864672,0.0076643106794797265,0.012427580391185604,0.002438922606559532,0.002438922606559532,pharmacy,Аптека,9,3,182,0.09999253090535476,Low Risk
69,Саманд Школа,68.7995995,38.5721385,0.005939448080051361,0.008449198224734921,0.0020709249725135346,0.0020709249725135346,pharmacy,Camcon,28,10,192,0.06965645346076099,Low Risk
70,American School,68.7950276,38.571987,0.004706583546582446,0.009012053500529384,0.0015504751751563926,0.0015504751751563926,pharmacy,,31,10,192,0.058746020443206884,Low Risk
71,Мактаби махсуси ҷумҳуриявӣ,68.7940374,38.5719162,0.004718542146357103,0.00896376307988154,0.002540099405914375,0.002540099405914375,pharmacy,,31,10,192,0.06082693884412579,Low Risk
72,,68.7963474,38.5797044,0.00232865664239287,0.0031131546630330225,0.00290224302590317,0.00232865664239287,hospital,Детская больница,28,11,191,0.02853483807396237,Low Risk
73,Гимназияи №74 (тоҷикӣ),68.766443,38.5296773,0.003908267942857802,0.035535895771134446,0.00488990033756821,0.003908267942857802,hospital,,16,3,192,0.11434905426114225,Low Risk
74,Мактаби таҳсилоти миёнаи умумии №3,68.7650367,38.527898,0.005699145504365411,0.03700754166342889,0.005407884935567356,0.004465098095458918,dentist,Стоматология,16,3,192,0.11621158137441738,Low Risk
75,№3,68.7650399,38.5279063,0.005691698904860521,0.03699991339008085,0.005401876405976632,0.00445980071504293,dentist,Стоматология,16,3,192,0.1161767362983409,Low Risk
76,Массива Тахсилоти Миёнаи умумии №27,68.0613918,39.3454071,0.003290795685868671,0.3884747502902232,0.479015669832518,0.003290795685868671,hospital,,1,0,1,6.381663445952723,High Risk
77,,68.4283112,39.2348252,0.2030649801987148,0.10263854346285425,0.19324409045701846,0.10263854346285425,clinic,,0,0,0,4.259662966431458,Medium Risk
78,,68.4279867,39.2346943,0.20337698252687697,0.10260295963832627,0.19353607507397355,0.10260295963832627,clinic,,0,0,0,4.2606757729660085,Medium Risk
79,мактаби 20 ба номи С. Аллаёров,68.7173255,39.693309,0.3427687911601614,0.35412541654032736,0.34208757002298446,0.34208757002298446,pharmacy,,0,0,0,3.444649082225607,Medium Risk
80,м 54 н Шахринав,68.3778834,38.5799143,0.03809842332942446,0.1542219548997311,0.047044923861581565,0.03809842332942446,hospital,isham,3,0,8,1.3595348715673574,Medium Risk
81,ср.школа №9 Шахринавски раён ба номи SaFaRaLi,68.4216979,38.5609608,0.009146088270465256,0.13377794084824043,0.05051534630364262,0.009146088270465256,hospital,AhLiDIn,3,0,10,1.0932975637932785,Medium Risk
82,Мактаби миенаи тахсилоти умумии №38,68.751523,38.5379375,0.013107756477288842,0.027375698194310343,0.00987601111881739,0.00987601111881739,pharmacy,,20,4,191,0.15823623701267298,Low Risk
83,,68.743655,38.5359446,0.02034236406911724,0.03214702357609851,0.011437707537714462,0.011437707537714462,pharmacy,,14,1,191,0.19908704980832176,Medium Risk
84,Музыкальная школа им М.Атоева,68.7479063,38.5315146,0.016059836374249844,0.0345689397566972,0.013106839801533411,0.013106839801533411,pharmacy,Дорухона,8,1,192,0.1827651601923253,Low Risk
85,Таджикский государственный институт культуры и искусства им. Мирза Турсун-заде,68.7498881,38.5297455,0.014447108606975014,0.035714451204476284,0.011033040374466199,0.011033040374466199,pharmacy,Дорухона,6,2,190,0.1674169763160589,Low Risk
86,Маркази омӯзиши забонҳои хориҷӣ,68.7909928,38.5743121,0.004001604931303411,0.006997367691969024,0.0014913991360439216,0.0014913991360439216,pharmacy,Аптека No. 5,31,10,192,0.04508915044128441,Low Risk
87,Нусратулло Сафаров - 59,69.4099662,37.4869475,0.008942502669361637,0.007468845481919948,0.4026822769714303,0.007468845481919948,clinic,Поликлиника,2,1,3,4.526515852292399,Medium Risk
88,,69.979741,37.8042258,0.15020295177153997,0.2027166632425155,0.20581624122298608,0.15020295177153997,hospital,Беморхонаи рақамӣи,0,0,0,6.582250343446987,High Risk
102,,70.8314728,38.4538335,0.041842814992657365,0.46137021976606124,0.04107472662101347,0.001262401117388526,doctors,,2,0,11,4.7102436921312885,Medium Risk
103,Мактаби №87,68.7116351,38.5827756,0.015667035330422494,0.0038360321449284474,0.013069073789918366,0.0038360321449284474,clinic,Маркази саломатии шаҳрӣ №5,8,2,175,0.1890550279260508,Low Risk
104,,71.970455,37.9693368,0.1318138919118118,0.40519854380957554,0.40634150142886927,0.0005459869244829978,doctors,Doctors Surgery,0,0,1,3.812323734472125,Medium Risk
105,,71.6707583,38.5042891,0.23510075736495126,0.4408832236471485,0.5680764849438695,0.012233209697787534,doctors,,0,0,3,5.642280685539834,High Risk
106,,71.5051915,38.4008244,0.039865391201734116,0.2480853903613195,0.4559371586258584,0.01748898249400082,doctors,,1,0,6,4.562453604116635,Medium Risk
107,Школа N 1,68.8009251,37.7634192,0.011562405126072766,0.07188017599722168,0.011075593850238279,0.011075593850238279,pharmacy,Аптека Урманова,1,0,55,0.39803668164213424,Medium Risk
108,Ддд,69.3435733,38.09892,0.324710269795466,0.4754213546284552,0.2920739672013641,0.2920739672013641,pharmacy,,0,0,0,4.439601520435759,Medium Risk
109,Дангаранскйй Государственной Университет,69.3431383,38.0983467,0.3240981149151017,0.4756060770194753,0.292605920063859,0.292605920063859,pharmacy,,0,0,0,4.437560353951303,Medium Risk
110,School of Sari Khosor,69.8334378,38.5324868,0.0010052265716525195,0.2959760423984356,0.18416160183505337,0.0010052265716525195,hospital,Shaydon Hospital,1,0,1,5.547000116724648,High Risk
111,,72.0236278,37.7380023,0.35520334554748123,0.5029682513426582,0.43827786364706073,0.0006641376768459445,doctors,,0,0,1,3.902454293156974,Medium Risk
112,,72.0241002,37.7381345,0.3552803036755618,0.5033434615504596,0.4387551336171461,0.0011313855356158257,doctors,,0,0,1,3.906574284309267,Medium Risk
113,,71.9759935,37.7238132,0.35171757474237175,0.4666441387700421,0.3898840828566523,0.049098064380045464,doctors,,0,0,2,3.650729959726088,Medium Risk
114,Мактаби 49,69.6300259,40.2690739,0.012564805795316714,0.031303767425724015,0.008344470467048693,0.008344470467048693,pharmacy,Центральная аптека 7,10,5,40,0.16562463039559996,Low Risk
115,П.ПУЛАТОВА,69.6299172,40.2777315,0.006173918508039953,0.02413445837693056,0.0025082664534654925,0.0025082664534654925,pharmacy,Мадад,10,5,40,0.11041415579137415,Low Risk
116,Школа  49 филиал,69.6229799,40.2683803,0.0128958138480393,0.02909453391576515,0.012245396793930293,0.012245396793930293,pharmacy,Мадад,10,5,39,0.15939677090679516,Low Risk
117,Частная школа Паймони Азизон,69.6107716,40.2744233,0.01118595795170177,0.02202701622372496,0.009500585259044321,0.008711205248377341,doctors,санэпидем-стансия,9,5,39,0.11202108934390548,Low Risk
118,Частная школа Гулчини маърифат,69.6133213,40.2744092,0.009431808232016597,0.021774742432843563,0.01117540411984374,0.009431808232016597,hospital,Поликлиника №1,9,5,39,0.1166969660945297,Low Risk
119,Гимназии «Кавсар,69.6113035,40.2755566,0.010051175945065941,0.020825420573006573,0.010569666914841314,0.009275622098996636,dentist,,9,5,39,0.10966817951445602,Low Risk
120,,74.3516259,37.7264137,2.0227925519711287,1.5109556664440067,0.5861032442137117,0.0018786535316462408,doctors,,0,0,1,14.793933189521336,High Risk
121,Мактаби 4,69.6215491,40.2813163,0.0009521317097875893,0.016504857398656342,0.0038411112006026217,0.0009521317097875893,hospital,Поликлинакаи ВКД,10,5,39,0.07524435687175435,Low Risk
122,Language centre Arkon,69.6153322,40.2999778,0.01845567300650414,0.0039458473573667175,0.0020671052682075266,0.0020671052682075266,pharmacy,Дорухона,10,5,37,0.09032495253557496,Low Risk
123,,71.9397436,38.1254994,0.0909955443506124,0.4144938814486375,0.41572657387157624,0.001144678488693387,doctors,,0,0,3,4.162073807215702,Medium Risk
124,56-maktab,69.2548425,40.5022107,0.3593036292660632,0.3691512454456476,0.364453227283676,0.3593036292660632,hospital,Поликлиника,0,0,0,3.6470436186009705,Medium Risk
125,СПТУ,69.3645151,40.1528412,0.0027668171594060166,0.008809821239102634,0.00976496008411213,0.0027668171594060166,hospital,,3,2,10,0.533852917666122,Medium Risk
140,Частная,69.3756268,40.1518914,0.009561430522904245,0.002457689187321003,0.001387994740922295,0.001387994740922295,pharmacy,,3,2,11,0.5320548957898383,Medium Risk
141,Школа 3,69.3766674,40.1522421,0.010641672896347267,0.0035485579939988866,0.0024267921557841595,0.0024267921557841595,pharmacy,,3,2,11,0.538858563581786,Medium Risk
142,,69.673396,40.1248564,0.06629208232308449,0.17806666540570198,0.14243582684632244,0.06629208232308449,hospital,Психодиспансер,0,0,1,1.2736082022900979,Medium Risk
143,Сш 8,69.6839246,40.1286371,0.05950792269131085,0.17651762400186288,0.14094826754372544,0.05950792269131085,hospital,Психодиспансер,0,0,1,1.2470076872209108,Medium Risk
144,,69.7305424,40.2203423,0.020668240675583156,0.11890747981693552,0.07042698340050829,0.020668240675583156,hospital,Районная больница,3,0,13,0.7087066914940866,Medium Risk
145,,71.5934253,37.9346453,0.029972570750870346,0.02996100603604168,0.030753527984831015,0.005934393920434444,doctors,,17,1,25,1.653507693188346,Medium Risk
146,Школа22,69.3508571,40.1476966,0.0043151111458970826,0.002013827194893148,0.0028521159698785387,0.002013827194893148,clinic,Санаторий Сарчашма,3,2,10,0.4890042624952055,Medium Risk
147,Школа 2 им. Макаренко,69.3587448,40.1514273,0.007451720326953179,0.009950097603864916,0.008359626898087329,0.007451720326953179,hospital,,3,2,10,0.5263224662288624,Medium Risk
148,,69.4199875,40.1835485,0.0017760992348210493,0.05673845260913408,0.05553506477351968,0.0017760992348210493,hospital,Поликлиника,1,0,12,0.8114378112549885,Medium Risk
149,,69.4644344,40.1511777,0.011065462863168573,0.040844892446591965,0.09014280720775453,0.011065462863168573,hospital,Физлечебница Гулакандоз,1,1,7,0.9763381484384297,Medium Risk
150,Лицей 1,69.6953382,40.224374,0.007648728137271572,0.09245764969570369,0.06176887064007894,0.007648728137271572,hospital,Беморхона,3,0,31,0.4754364867941589,Medium Risk
151,школа N13. им. ДЖ .Искандарова,70.3814355,40.2504591,0.003777621675973366,0.7406540215764189,0.0037936217468027647,0.003777621675973366,hospital,сельское  Амбулатория,1,0,3,3.140655352756893,Medium Risk
152,РТ СОШ им. А.П.Чехова,69.5826318,40.2812981,0.016608125692393408,0.01201606921091929,0.02328827635836965,0.011432690399181024,dentist,Дента плюс,6,3,37,0.16669194935815695,Low Risk
153,МТУ №26,69.6657314,40.2910883,0.021440885919114038,0.025001860453528965,0.02936620516129612,0.021440885919114038,hospital,Микрохирургия глаза,9,2,40,0.3670223719534035,Medium Risk
154,СШ № 1,69.7958535,40.2641763,0.005300815798201747,0.15757525816209783,0.008061568441609166,0.005300815798201747,hospital,"Оздоровительный Центр ""Заррина""",2,0,7,0.571206703285742,Medium Risk
155,Мактаби №25,69.6449966,40.3261277,0.02008625555130301,0.026037862077715083,0.039259565963309845,0.02008625555130301,hospital,Микрохирургия глаза,4,3,37,0.39665883233660576,Medium Risk
156,Школа №69,70.6115579,40.1137226,0.007571830165638966,0.9868841773317653,0.01337594975494746,0.007571830165638966,hospital,,3,0,7,3.0191875508194395,Medium Risk
157,Школа #12,70.6119009,40.1221539,0.0014486936499541125,0.985663053584496,0.008918804235758868,0.0014486936499541125,hospital,,3,0,7,2.9849869945481524,Medium Risk
158,Лицей №1,70.6228617,40.1274418,0.010313786664980507,0.9955141588324243,0.0025682161163463942,0.0025682161163463942,pharmacy,Дорухона,3,0,8,2.9936156446352062,Medium Risk
159,Школа №24,70.4357591,40.3074058,0.08024177849447163,0.7933371214331016,0.08019540868198681,0.08019540868198681,pharmacy,,0,0,3,3.5323124722727695,Medium Risk
160,мтму 53,69.7548743,40.2456199,0.03645080782115884,0.12497493553588541,0.03644405328039593,0.03644405328039593,pharmacy,,2,0,10,0.6630674853818092,Medium Risk
161,спорт площадка ,69.7547077,40.2456638,0.036297847988296016,0.1248058995447049,0.03657483484660945,0.036297847988296016,hospital,Районная больница,2,0,10,0.6631772843963367,Medium Risk
162,Школа №2,69.6885553,40.2677156,0.03690792425680707,0.056404230739197155,0.03923885629637934,0.03667001645447676,dentist,Стоматология,4,0,41,0.4702313200040853,Medium Risk
163,,71.9364192,38.6455364,0.5356416010338123,0.7415493491768653,0.7921640110727689,0.0006659595497070465,doctors,,0,0,1,7.524203948566499,High Risk
164,,69.6013507,40.2750543,0.01792826663814122,0.01863551049300343,0.005762913768649067,0.005072716891670219,doctors,санэпидем-стансия,9,5,37,0.11586569896062215,Low Risk
180,,72.3984406,38.2960095,0.026219517911928752,0.9029345955784678,0.9041661443228383,0.0003733132802989587,doctors,Doctors Surgery,1,0,5,7.3509590910959055,High Risk
181,Мактаби Миёнаи Умумии №40,68.7547588,38.6642648,0.06686660034303274,0.002768034606407305,0.046278292349819304,0.002768034606407305,clinic,Беморрхона,0,2,100,0.48864137114873735,Medium Risk
182,Мактаби мусиқӣ,69.0152472,38.5620377,0.006752645339195802,0.006878731163892059,0.0006663122224839076,0.0006663122224839076,pharmacy,Дорухона,3,4,12,0.9439670267592444,Medium Risk
183,Мактаби №38,68.8835006,38.537682,0.05977280083183868,0.05923619228978223,0.059358739291615115,0.05801055370437577,doctors,Прием граждан завода,0,0,69,0.5767629588272944,Medium Risk
184,Мактаби миёна (литсейи)-и №53,68.790068,38.5903311,0.0041125593417457775,0.010058129237348713,0.004097302785031763,0.004097302785031763,pharmacy,Дорухона,28,11,189,0.0777010653276484,Low Risk
185,Мактаби Миёнаи №20,68.7867552,38.5653946,0.0011152775453317028,0.005552260803245755,0.0015504351697519997,0.0011152775453317028,hospital,Таваллудхонаи № 2,31,10,191,0.028036554433343606,Low Risk
186,Школа 6,68.5075259,38.5744168,0.007638314277781286,0.05321799250434774,0.008511798426508732,0.007638314277781286,hospital,Больница номер Один Гиссар,2,0,22,0.5118744642397868,Medium Risk
187,,71.6511183,37.8512079,0.12725443882597257,0.12782418982362773,0.1280398185021356,0.004447798978368688,doctors,,0,0,1,1.882027612540816,Medium Risk
188,"Муассисаи таълимии хусусии ""Абдураҳмони Ҷомӣ""",68.7337147,38.5778233,0.00417226003528949,0.02120333951621774,0.006628280395003582,0.00417226003528949,hospital,Роддом №1,11,5,190,0.1073655663736734,Low Risk
189,Гимназияи №74 (русӣ),68.7650756,38.5302093,0.003486049416787982,0.034739843713626116,0.003518925686480234,0.002832672763908799,dentist,Стоматология,16,3,192,0.1045941586722437,Low Risk
190,,71.2862839,37.9224362,0.2780570152741535,0.28064962414584815,0.27152332051688616,0.031174819350975727,doctors,,0,0,1,3.03136940061337,Medium Risk
191,Школа 61,69.6854194,40.2838586,0.04113317575895894,0.04597262819888974,0.039948973355077154,0.039948973355077154,pharmacy,,4,1,41,0.5143265742582652,Medium Risk
192,,68.7200709,38.5282419,0.021991816474560822,0.052877030872228205,0.027387886361697245,0.021991816474560822,hospital,Российский военный госпиталь,6,0,168,0.36841889318205756,Medium Risk
204,Средний школа #44,68.7829871,38.6220009,0.01775535341249697,0.004598340382987585,0.004577245332731966,0.004577245332731966,pharmacy,,15,8,180,0.08713868632955937,Low Risk
205,Муассисаи Таҳсилоти миенаи умуми №15,69.3218234,38.7229521,0.0012755562172908602,0.34294218913365204,0.0009742703734846416,0.0009742703734846416,pharmacy,,1,0,2,3.02047503082598,Medium Risk
206,МТМУ №64 имена Аълохон Афсаҳзод,68.0204002,39.4660625,0.12491825674150743,0.5089787902446441,0.43050593513143215,0.12491825674150743,hospital,,0,0,0,7.151197984271891,High Risk
207,Гимназия 1,69.0094327,39.9057814,0.005088124149183209,0.008469039527483287,0.0003831539395869946,0.0003831539395869946,pharmacy,Фабричний,6,2,15,0.05349065721047058,Low Risk
208,Школа 36,69.0081745,39.909822,0.0009053961739584727,0.008492133692586418,0.0033301023647599208,0.0009053961739584727,hospital,Илгир,7,2,15,0.04748524528276077,Low Risk
209,,71.4298538,37.926938,0.13475824735933734,0.1374443397518069,0.12847113406087854,0.029217452128815078,doctors,,0,0,3,2.1817635214887208,Medium Risk
210,School disabled,71.5600628,37.94617,0.003682045153668283,0.005847050788437365,0.0025081375021871674,0.0025081375021871674,pharmacy,,17,1,26,1.5534472819823073,Medium Risk
211,Мактаби миёнаи №79,68.8023548,38.5605437,0.001734935424686539,0.011990931325148517,0.0022760489106286143,0.001734935424686539,hospital,Госпитали КВД-и Роҳи оҳани Тоҷикистон,30,10,191,0.06458246973122655,Low Risk
212,Мактаби №94,68.7458774,38.5879508,0.012417760120575692,0.014987755506487701,0.003540664028065775,0.003540664028065775,pharmacy,,21,8,190,0.07578297072152682,Low Risk
213,эшма сой,68.8603577,38.1654501,0.16749360615403538,0.3344733506950367,0.29917087052155616,0.16749360615403538,hospital,Дехаи Коментерн,0,0,0,2.611407832639341,Medium Risk
214,Школа 38 районе Кушониён Хатлонской област,69.060808,37.8878099,0.0962202698268694,0.2776267454783841,0.14468358323071018,0.0962202698268694,hospital,Медпункт,0,0,1,2.0427970540292657,Medium Risk
215,Мактаби №21,69.0400148,37.981554,0.000751867357823329,0.2901356856509122,0.16491081507473598,0.000751867357823329,hospital,Медпункт,1,0,1,1.9571374403684112,Medium Risk
216,Secondary school,69.874593,37.8302167,0.09580478790955535,0.10678567309718132,0.11967829894226957,0.09580478790955535,hospital,Беморхонаи рақамӣи,0,0,1,5.826176533373397,High Risk
217,Муассисаи таҳсилоти миёнаи умумии №1,70.0412957,37.8372013,0.21998551358098342,0.24392547151956356,0.13621293209324345,0.13621293209324345,pharmacy,Дорухона,0,0,0,6.607571981942478,High Risk
218,,70.2137051,37.9480139,0.17796156809461464,0.40475584010469107,0.07493030558805741,0.07493030558805741,pharmacy,Дорухона,0,0,1,6.817792351811596,High Risk
219,Муассисаи таҳсилоти миёнаи умумии №8,69.9932694,37.8207869,0.16980205416276506,0.2060411073795868,0.1868931169675093,0.16980205416276506,hospital,Беморхонаи рақамӣи,0,0,0,6.5623209762042265,High Risk
220,Муассисаи таҳсилоти миёнаи умумии №10,69.9838394,37.779045,0.14510036474402133,0.22076119795663135,0.2139147157898161,0.14510036474402133,hospital,Беморхонаи рақамӣи,0,0,0,6.665879722546531,High Risk
221,American School,68.7664106,38.5601373,0.01130579361762631,0.008796618833431679,0.001981300193134818,0.001981300193134818,pharmacy,Дорухона,32,9,191,0.09007573796305168,Low Risk
225,Школа №16,68.5540311,37.5475998,0.10784901753949233,0.2702404743971226,0.33843169324797745,0.10784901753949233,hospital,Беморхонаҳои марказии ноҳияҳои ба номи Кузибоев К.К.,0,0,0,3.073347384214867,Medium Risk
226,,68.7846927,37.8421596,0.0026809597843051427,0.0024512507323866655,0.003787665886703419,0.0024512507323866655,clinic,Женская поликлиника,3,10,55,0.08676256834155456,Low Risk
227,Мактаби № 14,68.7499551,37.8369279,0.026473798749731343,0.023051648069540565,0.023455417699696054,0.023051648069540565,clinic,Диамед,2,10,55,0.3118607393545446,Medium Risk
228,школа 26,68.8315526,37.8514843,0.027436261881649913,0.04583408233776946,0.027241650549978572,0.012740621074349109,doctors,аптек,2,3,56,0.33494510272743505,Medium Risk
229,,68.8021213,37.7685166,0.006846623636413937,0.067412798286551,0.006253499380589835,0.006253499380589835,pharmacy,Аптека Урманова,1,0,55,0.35262519676153603,Medium Risk
230,Мактаби 7 н.Кушониён,68.8038382,37.7959291,0.023005864479131912,0.04346237727949148,0.02307928977488844,0.022850766113670696,doctors,Узи Урманова,3,10,55,0.32589534665563735,Medium Risk
231,Школа 23,68.8364119,39.3773964,0.14937555325854376,0.4498838127404858,0.2744117556431492,0.14937555325854376,hospital,,0,0,0,4.197376723027559,Medium Risk
232,школа 10,69.7540021,37.9064098,0.060518795019445,0.03148929020539798,0.025265554367316242,0.025265554367316242,pharmacy,,0,1,10,4.842311913096326,High Risk
233,,71.6906959,37.3594577,0.03907397487487277,0.2002341345988806,0.17351544616126416,0.03907397487487277,hospital,Беморхонаи вилоятии бемориҳои руҳӣ,1,0,1,1.8058117904201392,Medium Risk
234,,71.7137422,37.3364374,0.0065135892459856565,0.23270574603077274,0.20281884053073299,0.0065135892459856565,hospital,Беморхонаи вилоятии бемориҳои руҳӣ,1,0,1,2.0495724009099585,Medium Risk
235,,71.7499346,37.3131153,0.036846900672634735,0.27541173068812447,0.23900403834584863,0.036846900672634735,hospital,Беморхонаи вилоятии бемориҳои руҳӣ,1,0,1,2.436968409382484,Medium Risk
236,,71.4981233,37.9551268,0.06620567378049501,0.06832732588090985,0.05895437243242907,0.004840912537040237,doctors,Медпункт ,0,0,26,1.8685145928867577,Medium Risk
237,,71.6211186,37.4169656,0.08237568775491635,0.1099730685325482,0.09126955492283305,0.08237568775491635,hospital,"Медицинский центр Ага Хана, Хорог",0,0,3,1.0796057587938803,Medium Risk
238,,71.63257,37.405122,0.09828588495573046,0.1263816731446791,0.10766396780017036,0.09828588495573046,hospital,"Медицинский центр Ага Хана, Хорог",0,0,1,1.2391459874075168,Medium Risk
239,средняя школа № 53,69.125239,39.9663686,0.005278155863523643,0.12377353782846134,0.13059602729390332,0.005278155863523643,hospital,Беморхонаи марказии н.Гончи,1,0,2,1.149162603416144,Medium Risk
240,Тошбек,68.9912156,39.8904363,0.02629800846021459,0.0177954522077615,0.02384307685358904,0.0177954522077615,clinic,Детская поликлиника,5,2,15,0.234559849144162,Medium Risk
241,Мактаби 45 Тошбек,68.9910391,39.8906006,0.02624024973941184,0.017756474874229208,0.02386957864427761,0.017756474874229208,clinic,Детская поликлиника,5,2,15,0.23432396744205325,Medium Risk
242,,71.3051025,37.9274445,0.25892434965023214,0.26149293306483584,0.2523398574565725,0.049411841365314596,doctors,,0,0,1,2.954946276747454,Medium Risk
243,,71.3047752,37.9275595,0.2592434134236344,0.26181102888729973,0.25265685512482483,0.04908231024019898,doctors,,0,0,1,2.956755526233425,Medium Risk
244,,71.2560995,37.9280873,0.30780323444106694,0.31034763803796733,0.30116638916712735,0.0005628985276847604,doctors,,0,0,1,3.1897545508106733,Medium Risk
245,,70.6896837,38.6682941,0.238857805638485,0.6802908872841402,0.2076844386656585,0.002830089743458683,doctors,Doctor's Surgery,0,0,7,6.456241829553715,High Risk
246,мактаби раками 14,71.7113923,38.5408604,0.28910693869772847,0.49347918004072383,0.6127028425014955,0.023698923473943038,doctors,,0,0,2,6.03316895256742,High Risk
247,Средняя школа 22,70.5817194,39.8476026,0.1286256550415137,1.0426292204926781,0.13279758518597867,0.1286256550415137,hospital,Поликлиника Чоркух,0,0,0,4.467797277261806,Medium Risk
248,,69.2978399,39.4128873,0.3227913621017752,0.5749903197139429,0.36767701317256063,0.3227913621017752,hospital,,0,0,0,4.852352590512652,High Risk
264,,70.7835247,38.4774213,0.02675876999637726,0.5142335402202606,0.025530205166453844,0.009628586559474364,doctors,Doctor's Surgery,2,0,11,4.894951314325688,High Risk
265,школа 14,69.0781816,38.0200085,0.05346392295241513,0.34261344407275945,0.219017024408093,0.05346392295241513,hospital,Медпункт,0,0,1,2.4500568797410764,Medium Risk
266,Мактаби №55 ш.Файзобод,69.4454704,38.6064775,0.17012949622276305,0.4267888525373568,0.03437399014638335,0.03437399014638335,pharmacy,,0,0,1,3.8756249374533374,Medium Risk
267,Мактаби N71,68.8247379,38.6379603,0.04808664153362745,0.046583910519641294,0.045510909950358225,0.045510909950358225,pharmacy,Pharmacy,1,2,143,0.45931692921099754,Medium Risk
268,Мактаби №136 Рабиев Гани,69.0280665,38.5248748,0.03171154607557896,0.031024238849499654,0.018590714908189122,0.018590714908189122,pharmacy,Дорухона,2,4,12,1.1252697341964917,Medium Risk
269,School #11,71.5071283,37.5231527,0.031004020950394822,0.04616743597392466,0.043626435183190614,0.003795097574809134,doctors,Бунгоҳи саломатии,2,1,14,0.35799601974687456,Medium Risk
270,Мактаби №14,71.5101178,37.5605416,0.06599918084993518,0.07719832890412223,0.0755682673184364,0.033949834927411826,doctors,Бунгоҳи саломатии,0,0,13,0.6653285815022727,Medium Risk
271,,71.6099987,38.4521747,0.15639182772782828,0.36432973308381317,0.5071943112580146,0.013064759366013607,doctors,,0,0,4,5.123406873267214,High Risk
272,,71.5436964,38.2312112,0.16482378268645012,0.28483578238574436,0.28370866076921125,0.0008957795068714882,doctors,Doctor's Surgery,0,0,2,3.7079319529958767,Medium Risk
273,Школа Билярда Пойтахт,68.7938902,38.5811692,0.004554102747688388,0.0005314444746736597,0.0014552650579608517,0.0005314444746736597,clinic,Гугуш,28,11,191,0.018942129987093825,Low Risk
274,Гимназия,68.7934698,38.5800542,0.003513323931021887,0.0008070611303574055,0.002144676502847538,0.0008070611303574055,clinic,Гугуш,28,11,191,0.017841003703130742,Low Risk
275,dreamland,68.791952,38.5759452,0.002402505930853536,0.005141216777319407,0.0005909234641765279,0.0005909234641765279,pharmacy,Аптека No. 5,30,10,192,0.029574954449392343,Low Risk
276,,71.467633,38.3696426,0.01053165627349003,0.2028346210593228,0.4311292093840517,0.006138048066961511,doctors,,1,0,5,4.298984260212491,Medium Risk
277,,71.4176379,38.3390121,0.06738152593829323,0.14747335042018755,0.4151690082121931,0.005837312129021934,doctors,,0,0,5,4.162914254945113,Medium Risk
278,,72.3227432,38.3178792,0.0936926637186961,0.8430571199968266,0.8442896890543437,0.001143707423844777,doctors,Doctors Surgery,0,0,5,7.067726515473639,High Risk
279,Школа №6 Имени Абдулгани Мирзоев,69.3214939,38.5210868,0.20295372256295754,0.30215730154485154,0.027805410872048825,0.027805410872048825,pharmacy,Аптека,0,0,1,3.1168486871028827,Medium Risk
280,№5,68.7570283,38.514867,0.01510104462231459,0.049518670724816166,0.0043443682551614305,0.0043443682551614305,pharmacy,,8,1,187,0.15819289750211768,Low Risk
281,Мактаби №49,68.7587149,38.5360926,0.0057622307924475435,0.02826510616843333,0.0026105929742208573,0.0026105929742208573,pharmacy,,19,4,192,0.11410267589586097,Low Risk
282,Школа № 60,68.7589634,38.5682625,0.012051277254375622,0.0039141869782455,0.004312993605552332,0.0039141869782455,clinic,Ташхис ва Тиб,31,10,192,0.0900424174750732,Low Risk
283,lfgs,68.761882,38.569281,0.011505384941323173,0.005866147642420813,0.0062519089326349845,0.005866147642420813,clinic,Ташхис ва Тиб,32,9,192,0.09879699540035627,Low Risk
284,Мактаби №4 ба номи Т. Собиров,69.0089387,38.5518355,0.011618313630245975,0.011950116170318714,0.005705610987079572,0.005705610987079572,pharmacy,Сартарошхона,2,4,12,0.9376755308035135,Medium Risk
285,садик №101,68.7505165,38.5552273,0.005567233376142249,0.012256078820171873,0.010973067522246083,0.005567233376142249,hospital,Городской Центр Кожных и Венерологических Заболеваний,23,6,191,0.10755788384785987,Low Risk
286,bahodur,68.7508273,38.5697952,0.011582381171025379,0.009561805832314163,0.005412526563661542,0.005412526563661542,pharmacy,Аптека Мадад Фарм-82,28,8,192,0.08129091027096233,Low Risk
287,Школа  15,68.7863797,38.4925261,0.0018663920894010522,0.06487712967608267,0.02799103244145624,0.0018663920894010522,hospital,Маркази саломати,6,0,147,0.36158864183356987,Medium Risk
294,,70.6525393,38.7298291,0.3103941097522545,0.7446605842845535,0.17158599138308372,0.010208784635881978,doctors,Doctor's Surgery,0,0,7,6.332341012425954,High Risk
295,"Кипарх, архитектурная школа",68.7966973,38.5632617,0.004192609696673032,0.008403370222675052,0.000580043938163935,0.000580043938163935,pharmacy,Бобуна,31,10,191,0.04987948677589052,Low Risk
296,Общежитие #8 ТГПУ имени С. АЙНИ,68.7428904,38.5606807,0.014143983421120427,0.01622428195669555,0.010000487467408765,0.0025027835757097977,doctors,Поликлиника,20,6,191,0.13046382380980032,Low Risk
297,гимназияи. сомони,68.7424013,38.5612552,0.014812298250214394,0.016584009121560304,0.009383750292246855,0.0022670110503836935,doctors,Поликлиника,20,6,191,0.12890252547813302,Low Risk
298,средняя школа 11 (А.С. Макаренко),68.7967086,37.9614641,0.013528456909281653,0.12231466339063155,0.11667564598912654,0.013528456909281653,hospital,,1,0,3,0.7231883319872825,Medium Risk
299,Мактаби байналмиллалӣ,68.7939162,38.5646135,0.0028694118527798824,0.007985368445327826,0.0016352256776485117,0.0016352256776485117,pharmacy,Дорухона,31,10,191,0.043485762145685176,Low Risk
300,Мактаби миёнаи мусулмони дар шаҳри Душанбе,68.7838054,38.5880535,0.0069837505916389075,0.006998181147400947,0.004548699206485551,0.004548699206485551,pharmacy,Номер 1,28,10,191,0.06776250596586446,Low Risk
301,,71.5982491,37.9367685,0.033933984628914025,0.03377446551336336,0.03468930015322363,0.0006640118350648722,doctors,,17,1,25,1.6723896931239843,Medium Risk
302,,71.9576817,37.7157892,0.354738769660562,0.45465459527691826,0.3700445305577587,0.04066695215876955,doctors,Doctor's Surgery,0,0,2,3.5086920672531092,Medium Risk
303,,71.7069675,37.9919043,0.1490613185230951,0.14819854011304112,0.14942102273379565,0.12123735349835471,doctors,,0,0,0,2.6809937498889225,Medium Risk
304,,71.6317704,37.9696064,0.0707025042775635,0.06981012143124744,0.07103637165170415,0.04630612171021339,doctors,,0,0,24,2.0474407388928535,Medium Risk
305,,72.2440112,36.923705,0.1653061485299546,0.34427039396340003,0.15010787763928407,0.15010787763928407,pharmacy,Мири Вахон,0,0,0,4.25569150076037,Medium Risk
306,,71.857818,37.193564,0.1964105766707942,0.19599060632150586,0.3968474578485141,0.19599060632150586,clinic,First Aid Post,0,0,0,3.6071541033717542,Medium Risk
307,,71.96532,37.184,0.2879629920740596,0.09160651849991192,0.4439504188411494,0.09160651849991192,clinic,First Aid Post,0,0,1,4.019974161841461,Medium Risk
308,Мактаби №3 ба номи Хасанов Д н.Нуробод,69.9501799,38.8669145,0.2605572457754278,0.5641198181436063,0.2604363735593301,0.2604363735593301,pharmacy,,0,0,0,6.676451320977229,High Risk
309,,70.6899315,38.4152383,0.10611638859575696,0.5903031860695725,0.10635961553935608,0.10611638859575696,hospital,Qal'ai Khumb Hospital,0,0,0,5.473975752404289,High Risk
310,,71.7156698,38.5315841,0.2876519290158119,0.4931753687100189,0.6047530917172337,0.024036149558728945,doctors,,0,0,2,5.9838910669507035,High Risk
311,,68.7978204,38.5609256,0.0020535708206511835,0.007902005149756787,0.0014151158788961752,0.0014151158788961752,pharmacy,,31,10,191,0.055798167350889744,Low Risk
312,Мактаби N71,68.8031821,38.6441505,0.04332022154483591,0.029913198676814388,0.0297267558105974,0.0297267558105974,pharmacy,,5,4,164,0.3416161196913545,Medium Risk
313,Мактаби 10,69.3974479,37.4964206,0.006682268064895475,0.008239015637395285,0.3992586549531733,0.006682268064895475,hospital,Ибни Сино,2,1,3,4.439220365344589,Medium Risk
314,Мактаби - 3.     А. Джоми,69.3973837,37.4832719,0.01096945123572758,0.010798078031296074,0.39064132699102055,0.010798078031296074,clinic,Поликлиника,2,1,3,4.456014439668369,Medium Risk
315,Мактабча,69.4016474,37.4853763,0.007411280863810706,0.00677890970698881,0.3952629044858171,0.00677890970698881,clinic,Поликлиника,2,1,3,4.472658018241499,Medium Risk
316,,72.4960917,38.3594432,0.09119403116849038,1.0177380959818545,1.018970478088559,0.0008879418560073527,doctors,,0,0,2,8.229912270900938,High Risk
317,,68.7306393,38.5205368,0.013076825378496595,0.05203128124110786,0.014319823852987112,0.013076825378496595,hospital,Российский военный госпиталь,6,0,173,0.27481362318406544,Medium Risk
318,"Школа чемпионов, таэквондо",68.7351668,38.5088844,0.007259559944953121,0.060255673961647105,0.007037107374331643,0.007037107374331643,pharmacy,Дорухона,5,0,161,0.25488086095973767,Medium Risk
319,Мактаби №38,68.8833253,38.5374354,0.05969912810522445,0.0591735519536445,0.059304302681284,0.0579491022393627,doctors,Прием граждан завода,0,0,70,0.5761898411326958,Medium Risk
320,Гимназия N1,68.7552687,38.6636033,0.06604798365208302,0.0019376776363361212,0.04544572595002207,0.0019376776363361212,clinic,Беморрхона,0,2,101,0.4805670290775698,Medium Risk
321,,72.4101913,38.3155043,0.0062159146646530595,0.9214134723855545,0.9226456701348106,0.0062159146646530595,hospital,,1,0,6,7.510251682061297,High Risk
322,,72.3419287,38.2939651,0.0774122380556155,0.8502721800468654,0.8515046467314057,0.0011462815326025097,doctors,,0,0,5,7.065933474190853,High Risk
323,Мактаби № 8 ш.Норак,69.266927,38.3972315,0.2723308719616712,0.2926019025800818,0.04929646557237014,0.04929646557237014,pharmacy,,0,0,2,3.09684068252811,Medium Risk
324,Мактаби №5 ш.Норак,69.3057957,38.3905268,0.3001043482072177,0.32931016275160885,0.009888965938899355,0.009888965938899355,pharmacy,,0,0,2,3.2659282844567334,Medium Risk
330,,68.75555,38.5743531,0.005964296458480717,0.01047776267860649,0.002992377178248545,0.002992377178248545,pharmacy,Аптека Мадад Фарм-82,30,10,191,0.05664777393569308,Low Risk
331,школа 31,68.8160978,38.551645,0.0009515378966052655,0.01609433005147093,0.001445273491265685,0.0009515378966052655,hospital,Поликлиника №5,17,6,190,0.09270278285844935,Low Risk
332,Мактаби №67,68.814384,37.9500875,0.01737825531492085,0.11438800406548882,0.10841755372415894,0.006530292177366851,dentist,,1,0,3,0.6345984897006505,Medium Risk
333,Лицей 2,68.9178501,37.8730223,0.11306335397014439,0.13475139330967506,0.0015630440442760748,0.0015630440442760748,pharmacy,Субхи Сарбанд,0,0,2,0.8644742737535906,Medium Risk
334,,71.4412424,38.1873257,0.19446586130386326,0.21293422453879193,0.265868426273194,0.1123497750580012,doctors,Doctor's Surgery,0,0,0,3.664452250453282,Medium Risk
335,,71.6383277,38.2870592,0.19062885084655898,0.34819316789190896,0.3489410544322773,0.06626273548570777,doctors,,0,0,1,4.292178846622502,Medium Risk
336,,71.9687461,38.6540138,0.5614629849898347,0.7743098664042628,0.8151867373813362,0.03338709367219644,doctors,,0,0,1,7.76594114023278,High Risk
337,,70.6623383,38.3504857,0.1624873662750884,0.6105177508480834,0.1627534515868833,0.1624873662750884,hospital,Qal'ai Khumb Hospital,0,0,0,5.69887669544228,High Risk
338,,70.7636693,38.4470908,0.026384209918899566,0.5247646138627895,0.026603239384630512,0.026384209918899566,hospital,Qal'ai Khumb Hospital,2,0,11,4.900320375019561,High Risk
339,,70.83522,38.5454564,0.10450503667842706,0.49310302783747256,0.10289687588426924,0.05681960874535794,doctors,Doctor's Surgery,0,0,4,5.303166232777063,High Risk
340,,70.7941051,38.5040175,0.05281615021519447,0.5133077650089183,0.05132181972060694,0.0018770266413145494,doctors,Doctor's Surgery,0,0,11,5.021334267060327,High Risk
341,Мактаби №38,68.8843736,38.5368606,0.06088522075260796,0.06036439489508271,0.060497598549680655,0.05914036412815337,doctors,Прием граждан завода,0,0,64,0.5878105262010306,Medium Risk
342,39-мактаб,68.2270986,37.1293727,0.0033369751274110564,0.791872430030589,0.8659907561065556,0.0033369751274110564,hospital,Духтурхона,2,0,2,7.588538781803863,High Risk
343,Мактаби № 10 н. Рудаки,68.8039083,38.4346341,0.015353414530712314,0.12331270200096874,0.07417669463742783,0.015353414530712314,hospital,роддом рудаки,2,0,12,0.8521016491781883,Medium Risk
344,,71.6667796,38.0054801,0.11792420090539908,0.11686393311895588,0.11809189872927597,0.09642800119580093,doctors,,0,0,1,2.49680243622044,Medium Risk
345,,71.8778536,38.0612719,0.002237733218176718,0.33240164040293685,0.33362956047164233,0.0008498507622569163,doctors,Codan,1,0,3,3.4746148897865936,Medium Risk
346,,71.6023197,37.4613798,0.03452527017158868,0.07024227580413463,0.04637709099701771,0.03452527017158868,hospital,"Медицинский центр Ага Хана, Хорог",2,0,14,0.6662684898568972,Medium Risk
347,,72.193045,37.243569,0.3068203220233784,0.14386802396253226,0.29866871765281283,0.14386802396253226,clinic,First Aid Post,0,0,0,4.07336099448184,Medium Risk
348,,72.051381,37.209826,0.35488511055064675,0.0017596544634860703,0.38032625761877087,0.0017596544634860703,clinic,First Aid Post,0,1,1,3.9057635293245307,Medium Risk
355,Мактаби №71,68.848413,38.5550409,0.021078835490799835,0.020247718089215997,0.02024742615717399,0.019004934880876956,doctors,Прием граждан завода,6,1,144,0.19618626621669805,Low Risk
356,Лицей ТТУ,68.7975078,38.5583841,0.0030890793699680816,0.006778336390498215,0.0030562280893999907,0.0030562280893999907,pharmacy,,31,10,191,0.0666887118907242,Low Risk
357,,71.7463595,37.3193182,0.03086078475556447,0.2687187161212919,0.23185255203822272,0.03086078475556447,hospital,Беморхонаи вилоятии бемориҳои руҳӣ,1,0,1,2.371145640519619,Medium Risk
358,,71.87826,38.0613977,0.0026597307484659918,0.33282648234401013,0.3340543951306465,0.0012737936804848194,doctors,Codan,1,0,3,3.478389245726277,Medium Risk
359,,71.2878829,37.9241399,0.2763324874949011,0.2789148985016605,0.26977661642144396,0.03247335123494344,doctors,,0,0,1,3.0275365419369447,Medium Risk
360,СОШ №25,70.564351,39.9712241,0.007917253528683388,0.9788398839995609,0.008341388883557352,0.007917253528683388,hospital,Поликлиника Чоркух,2,0,3,3.4699608229074026,Medium Risk
361,Мактаби миенаи тахсилоти умумии №24,71.8733651,38.0635554,0.003490981649294073,0.3289985774515597,0.33022763722977344,0.003490981649294073,hospital,,1,0,3,3.4679924625814045,Medium Risk
362,СОШ №28,70.5712007,39.9781715,0.00243218403024111,0.9829958693761977,0.005560622184165901,0.00243218403024111,hospital,Поликлиника Чоркух,2,0,3,3.4407514332105156,Medium Risk
363,СОШ №70,70.5643492,39.9617916,0.015407100038960037,0.982048659884974,0.017707828214155005,0.015407100038960037,hospital,Поликлиника Чоркух,2,0,3,3.5391893675929467,Medium Risk
364,СОШ №49,70.5638784,39.9747422,0.007031924869304638,0.9772174282589831,0.005071574435253794,0.005071574435253794,pharmacy,Дорухонаи Сибир,2,0,3,3.4459742944799148,Medium Risk
365,,72.2917087,38.1125139,0.23789648128702917,0.7445553651564234,0.745759458952729,0.1893167803748975,doctors,,0,0,0,6.611906260075063,High Risk
366,,73.967164,38.1702295,1.5575225381340587,0.9361577992456405,0.014525702042837036,0.014525702042837036,pharmacy,,0,0,1,12.154816843820445,High Risk
367,Школа-интернат № 11,74.8239816,37.5364851,2.4937161402092536,1.9442004626157294,1.0614276513043304,0.3430014032205949,doctors,,0,0,0,19.10545003608156,High Risk
368,,71.9069543,37.70521,0.3570770382522034,0.41776679860522564,0.3215484821182701,0.016008042360652897,doctors,Doctor's Surgery,0,0,1,3.1379469538274183,Medium Risk
369,,73.9789882,38.1781312,1.568586048684879,0.9343152594615646,0.0006256341646518051,0.0006256341646518051,pharmacy,,0,0,1,12.171313947286407,High Risk
370,,72.22124,37.31692,0.35241575309538775,0.19915061932028788,0.34717324705633185,0.19915061932028788,clinic,First Aid Post,0,0,0,4.40352863345581,Medium Risk
371,СОШ №27,70.5725641,39.9756241,0.0017347296114385582,0.9851205385677348,0.0077780838034973146,0.0017347296114385582,hospital,Поликлиника Чоркух,2,0,3,3.458267962370574,Medium Risk
372,СОШ №58,70.5647122,39.9820795,0.008794341761435382,0.9755864020841182,0.0028490157964183188,0.0028490157964183188,pharmacy,Дорухонаи Сибир,2,0,3,3.4141266528796006,Medium Risk
378,,72.0449677,37.7317767,0.37013517946628444,0.5216465246770027,0.45419758405234606,0.022886409712606633,doctors,,0,0,1,4.072060287401852,Medium Risk
379,,70.7419384,38.758534,0.277417061165864,0.6901649831921336,0.26504009629955394,0.10089498839795848,doctors,Doctor's Surgery,0,0,0,6.53702483473532,High Risk
380,,70.6616938,38.6620995,0.24654921943579422,0.701320694860234,0.18111775345071748,0.018109029075514194,doctors,Doctor's Surgery,0,0,7,6.47778556131521,High Risk
381,,74.6468645,37.8296,2.282700233578258,1.6073764455057606,0.7536914036534188,0.0010381660874676677,doctors,,0,0,1,16.60479239908763,High Risk
382,,74.6488752,37.830722,2.2844267918787047,1.6079136475282372,0.754956013637711,0.0015334521958702847,doctors,,0,0,1,16.61824822899147,High Risk
383,,71.8445868,38.5947069,0.43069408531579545,0.6367157545154866,0.7065169306609996,0.0015852143272556702,doctors,,0,0,2,6.822847626297065,High Risk
384,,71.810936,38.5785102,0.3934628041102406,0.5993702233803959,0.6787596291474779,0.00036064100201219497,doctors,,0,0,2,6.586645231988015,High Risk
385,,71.6536971,38.5015453,0.21929141243227554,0.424306326510181,0.5621930590890951,0.024455590334829063,doctors,,0,0,4,5.59539379384066,High Risk
386,,70.7290434,38.6764751,0.23311987091937103,0.6514115640895819,0.23190499057150038,0.0403621745595732,doctors,Doctor's Surgery,0,0,7,6.484667562529996,High Risk
387,,70.8199218,38.450073,0.030248605026308256,0.47132943815591927,0.02963983283846256,0.011130748424340468,doctors,,2,0,11,4.711752016662528,Medium Risk
388,,70.8268168,38.4672732,0.0403727661167444,0.46995705027200624,0.03916718083938604,0.0010245587024241385,doctors,,2,0,11,4.759689159628913,High Risk
389,,71.9252838,38.6325529,0.519558825605705,0.7258392574147255,0.7754829623944282,0.017523281572650807,doctors,,0,0,2,7.421918025459048,High Risk
390,,71.8448085,38.5972075,0.4321409757501997,0.6380117084556732,0.7089013141659385,0.0012975851220441504,doctors,,0,0,2,6.839625617256676,High Risk
391,,71.8522292,38.6133788,0.4468175333055483,0.651889210825272,0.7266888893365043,0.019057897521219287,doctors,,0,0,3,7.004282814985749,High Risk
392,,71.6893566,38.525399,0.26219359163271166,0.4668374900953665,0.5926575299248006,0.0032212021632907163,doctors,,0,0,2,5.826473911529089,High Risk
393,12,69.3807833,40.1433772,0.016321881135932352,0.011056621574161235,0.00998564791784733,0.00998564791784733,pharmacy,,3,2,11,0.5888718561824049,Medium Risk
394,,71.5471489,38.4269701,0.08930139063680556,0.2966143862463061,0.4792666426873873,0.0022822584528194513,doctors,,0,0,5,4.790947659449596,High Risk
395,,71.5876066,38.4419146,0.1318040658480429,0.3397291582825211,0.4950881776892995,0.0010486879882486515,doctors,,0,0,3,4.978882108484567,High Risk
396,,71.4530656,38.3672845,0.022120023730957037,0.18816524201556248,0.43208018081160926,0.010622400176829154,doctors,,1,0,5,4.298495209124218,Medium Risk
397,,71.4733367,38.204879,0.17454310099404763,0.23025322242713187,0.27023559426553617,0.07602073023196478,doctors,Doctor's Surgery,0,0,1,3.6626326348077316,Medium Risk
398,,71.530655,38.4135513,0.0682433697377214,0.2763795744489503,0.46647745077930297,0.023519838685458254,doctors,,0,0,6,4.703206544512937,Medium Risk
399,,71.4870084,38.2175676,0.16258072973235405,0.23673116055159674,0.27860717323928075,0.059199670501320543,doctors,Doctor's Surgery,0,0,1,3.69022238106259,Medium Risk
400,,71.6549173,37.8391285,0.13882603608421293,0.13945805506148365,0.1396213003288046,0.008412080569563954,doctors,,0,0,1,1.9092996138605702,Medium Risk
401,,71.6667849,38.0056899,0.11803603731493016,0.11697456083163425,0.1182023609959965,0.09658076411733098,doctors,,0,0,1,2.4982660521575695,Medium Risk
402,41 Хунар,68.780038,37.8400037,0.007541158376687351,0.0030842663762552913,0.0028852419034358645,0.0028852419034358645,pharmacy,Аптекаи Эшони Махмад,3,10,55,0.0953695075489481,Low Risk
403,,70.1855382,38.8299209,0.45400877842576765,0.5457280419270957,0.3266070613346314,0.3266070613346314,pharmacy,,0,0,0,7.293510486886516,High Risk
404,МТУ №16,69.1356717,39.9581769,0.00830052752523715,0.13170885895035048,0.1366585914697424,0.00830052752523715,hospital,Беморхонаи марказии н.Гончи,1,0,1,1.2102043867166468,Medium Risk
407,Мактаби №,69.7935931,40.1928443,0.004934611180012054,0.1853945894118244,0.06711670218791331,0.004934611180012054,hospital,Больница Чинор,1,0,8,0.9785863722668386,Medium Risk
408,,69.1308635,39.9596536,0.0035077024785036335,0.12737053228726616,0.13280077568334073,0.0035077024785036335,hospital,Беморхонаи марказии н.Гончи,1,0,1,1.1703660819784714,Medium Risk
409,Maktabi N 14 ba nomi Shoismat Hasanov,68.5127398,39.4188737,0.05802427715963808,0.28820225201268596,0.03543464119958992,0.03543464119958992,pharmacy,,0,0,3,3.987698073676336,Medium Risk
411,,69.6372975,40.5680573,0.261321026324755,0.007211176150073238,0.2702466151968287,0.007174877365512759,dentist,,0,1,2,1.4694029453123547,Medium Risk
412,,70.690292,38.4188634,0.10459422762435808,0.5905657951331431,0.10483382991322063,0.10459422762435808,hospital,Qal'ai Khumb Hospital,0,0,0,5.474545327407167,High Risk
413,,70.6727755,38.6427505,0.22425966000586947,0.6822364097269152,0.1964783907756925,0.008150875076922269,doctors,Doctor's Surgery,0,0,7,6.389614379125147,High Risk
414,,70.657412,38.6472583,0.2363616205753435,0.6978928117933281,0.1804673383785103,0.0035955895619321516,doctors,Doctor's Surgery,0,0,7,6.41650048749207,High Risk
415,,71.5999588,37.8671231,0.08520844030241836,0.08635802685126658,0.08612637113236259,0.05531956284040605,doctors,,0,0,25,1.7803274418800603,Medium Risk
416,Мактаби №28,68.7612201,38.5476987,0.009393848242835715,0.016849654266569796,0.0016279120540399598,0.0016279120540399598,pharmacy,,26,6,191,0.08522357390408064,Low Risk
417,,70.6904016,38.4191337,0.10440625279975617,0.5905048126342863,0.10464560032512057,0.10440625279975617,hospital,Qal'ai Khumb Hospital,0,0,0,5.473917507864215,High Risk
418,,70.6725437,38.3959235,0.12962250637706396,0.6046110234946842,0.12987517899415352,0.12962250637706396,hospital,Qal'ai Khumb Hospital,0,0,0,5.60582011283028,High Risk
419,,70.785308,38.4796633,0.02861736242471025,0.5132488719656432,0.02731121854728392,0.007297487629407572,doctors,Doctor's Surgery,2,0,11,4.8984966675120285,High Risk
420,,70.6639947,38.6376567,0.22472049798708976,0.6875658048028872,0.18960245441640872,0.002024247048666161,doctors,Doctor's Surgery,0,0,7,6.373410736967305,High Risk
421,,70.6473649,38.6407578,0.23690024435646279,0.7037358306456252,0.17285776495678679,0.000269609412148096,doctors,Doctor's Surgery,0,0,7,6.402935821961291,High Risk
424,,68.8026,38.5737669,0.003516958017591313,0.007267465538401461,0.002663628787875586,0.002663628787875586,pharmacy,,28,10,192,0.07290015921913424,Low Risk
425,Мактаби № 35,68.8064203,38.5688374,0.007538113875141516,0.013351314038852008,0.0010207213247227446,0.0010207213247227446,pharmacy,Дорухона,26,10,191,0.0829092564867675,Low Risk
426,,72.9451159,37.7038617,0.8081947291585493,1.01950836013792,0.9045654278053415,0.7946802031822957,doctors,,0,0,0,10.415319172425644,High Risk
427,,68.7226595,38.5719963,0.007195715350808039,0.016230193642577363,0.007133417790761837,0.007133417790761837,pharmacy,Дорухона,9,3,182,0.14648668423097008,Low Risk
428,Муассисаи Таҳсилоти миенаи умуми №24 Ба номи З.Хайров Д.Чуянгарон Ш.Вахдат,69.1596306,38.6529197,0.0022471035656727876,0.16795800793180124,0.0011478103374642564,0.0011478103374642564,pharmacy,,1,0,2,1.9254156982701387,Medium Risk
429,,68.8546577,38.629276,0.06766975716755634,0.0676937602733739,0.06799396645350708,0.06766975716755634,hospital,Солим Мед (Solim Med),0,0,111,0.6776638112904418,Medium Risk
430,,71.71405,37.34898,0.017904651861624186,0.22496042737499458,0.19129944937639728,0.017904651861624186,hospital,Беморхонаи вилоятии бемориҳои руҳӣ,1,0,1,1.9831860824655996,Medium Risk
431,,71.6191437,37.4083569,0.08927660530908955,0.1143270213578949,0.09709112539082362,0.08927660530908955,hospital,"Медицинский центр Ага Хана, Хорог",0,0,2,1.1288426904983764,Medium Risk
432,,71.6104818,37.4335432,0.06278180804753229,0.09129971401685341,0.07167674925239892,0.06278180804753229,hospital,"Медицинский центр Ага Хана, Хорог",0,0,13,0.8936661844784408,Medium Risk
433,,71.60319,37.44011,0.05381060360310163,0.08153059358922808,0.06199344266231058,0.05381060360310163,hospital,"Медицинский центр Ага Хана, Хорог",0,0,14,0.7993568380633292,Medium Risk
434,"Образовательный центр ""Сириус""",69.603513,40.2952231,0.008774566229364277,0.007744073329015274,0.013614289153996945,0.007744073329015274,clinic,Поликлиника №5,10,5,37,0.14196381654809484,Low Risk
435,Литсеи Донишгоҳи Миллии Тоҷикистон,68.7987166,38.5658939,0.00553907482647841,0.011703973382186775,0.0014053910120989314,0.0014053910120989314,pharmacy,,31,10,191,0.06350388135313656,Low Risk
436,,70.4392438,40.2966575,0.07507257693113863,0.7967971632731734,0.07502153356928684,0.07502153356928684,pharmacy,,0,0,3,3.49031490553552,Medium Risk
440,,68.8667231,38.5538012,0.03934215541799103,0.03832801363646519,0.03811099192228658,0.03708114523991424,doctors,Прием граждан завода,1,1,108,0.3714161882491428,Medium Risk
441,школа А. Сафаров 46,70.6105636,40.7144631,0.5199385048190774,0.977304598987369,0.005152966574148009,0.005152966574148009,pharmacy,Дорухона,0,0,1,5.561306529750459,High Risk
442,Президентский лицей номер 1,68.7855896,38.5949828,0.0043384957904180465,0.007109269124804137,0.0008141877838719596,0.0008141877838719596,pharmacy,,26,10,188,0.07200993780311267,Low Risk
443,Школа № 8,68.7666158,37.8401348,0.020807433912241543,0.010158954885521836,0.006689319311825768,0.006689319311825768,pharmacy,Аптека,3,10,55,0.17109275941603797,Low Risk
444,Школа 13,69.6699147,40.2827462,0.027220086805514118,0.032545203033955264,0.026082536735609056,0.026082536735609056,pharmacy,,7,2,40,0.38884198165989386,Medium Risk
445,Мактаби №28,69.429967,40.1396932,0.042216596219047255,0.057956894843468505,0.056804715271498406,0.042216596219047255,hospital,Физлечебница Гулакандоз,2,0,12,0.8892469544818813,Medium Risk
446,Мактаби тазсилотии умумии раками 62,69.5956552,40.2463078,0.04258130357451118,0.04426391621178551,0.022019332289831644,0.022019332289831644,pharmacy,Дорухона,7,1,39,0.3356479912569936,Medium Risk
447,Мактаби №3 (Масчиди Сурх),69.6086419,40.2837562,0.010717569970030177,0.013647705217661645,0.011186928476920033,0.005079447289944687,dentist,,10,5,39,0.0969397965999776,Low Risk
448,Мактаби рассоми,69.6409509,40.2748481,0.0034273784514891686,0.02541065044570382,0.008194022067551744,0.0034273784514891686,hospital,,10,3,40,0.17349764848597798,Low Risk
449,17 школа,69.3524761,40.1711641,0.019494526095937513,0.025534375034464724,0.02074747221848919,0.019494526095937513,hospital,Рай. Больница,3,2,10,0.626303122073156,Medium Risk
450,Муассисаи таҳсилоти миёнаи умумии №2 ноҳияи Сангвор,70.3022057,38.7852364,0.5315923604691515,0.5513088319727706,0.2019489627843166,0.2019489627843166,pharmacy,,0,0,0,6.896740714003288,High Risk
451,Муассисаи таҳсилоти миёнаи умумии №7-и ба номи Муҳаббатшо Рузадор ноҳияи Рушони ВМКБ,71.4623791,37.9390362,0.10123328328145066,0.10378984024895269,0.0946474849448328,0.005533496802687772,doctors,,0,0,5,1.9998107574647312,Medium Risk
452,Муассисаи таҳсилоти миёнаи умумии №41,68.81524,38.5648382,0.007455209226401365,0.014349857877445527,0.00403067437576071,0.001650640331225803,dentist,,20,8,189,0.06696530915922096,Low Risk
455,Муассисаи таҳсилоти миёнаи умумии №10 ба номи Ғуломшоев Кучакшо деҳаи Ямг. Н. Ишкошим ВМКБ,72.3200814,36.9813336,0.07165532577440908,0.351646113794278,0.05563672287403586,0.05563672287403586,pharmacy,Мири Вахон,0,0,4,3.8720486161849776,Medium Risk
456,Муассисаи таҳсилоти миёнаи умумии №37-и ноҳияи Ишкошим ба номи Азизбеков Ошурбек,72.397592,37.006735,0.010288939008772527,0.40008608850213573,0.025729351916158435,0.010288939008772527,hospital,Беморхонаи минтақавии деҳаи Вранг,1,0,4,3.8842277345608385,Medium Risk
457,Муассисаи таҳсилоти миёнаи умумии №2 ба номи Байрамбеков Холумбек деҳаи Исор ноҳияи Ишкошим,72.6504371,37.0375971,0.2649933443263024,0.6217708386775431,0.2804481594775462,0.2649933443263024,hospital,Беморхонаи минтақавии деҳаи Вранг,0,0,0,6.19398230059417,High Risk
458,Муассисаи таҳсилоти миёнаи умумии №4 деҳаи Зонг ноҳияи Ишкошим ВМКБ,72.6300397,37.0314547,0.244038017128722,0.6039908107041195,0.2594877673481736,0.244038017128722,hospital,Беморхонаи минтақавии деҳаи Вранг,0,0,0,6.008402222066816,High Risk
459,Муассисаи таҳсилоти миёнаи умумии №21 ноҳияи Ишкошим,71.6100912,36.7281029,0.003998872939232187,0.6547288439080204,0.004100879627574105,0.003998872939232187,hospital,Маркази саломатии ноҳияи Ишкошим ба номи Муминшоев Давлатқадам,1,0,4,3.684674091660985,Medium Risk
460,Муассисаи таҳсилоти миёнаи умумии №7-и деҳаи Дамоби ноҳияи Сангвор,70.2277181,38.7967808,0.4737224260455846,0.528711477652741,0.2749240663699009,0.2749240663699009,pharmacy,,0,0,0,7.145534878825151,High Risk
461,Муассисаи таҳсилоти миёнаи умумии №6-и ба номи Одина Раҳматуллоев ноҳияи Рушони ВМКБ,71.4306752,37.9252628,0.13417346631144497,0.13688099950844962,0.12794509577736848,0.02904812580210014,doctors,,0,0,3,2.172802275609988,Medium Risk
462,Муассисаи таҳсилоти миёнаи умумии №9 ба номи Отамбек Илчибеков ноҳияи Рушони ВМКБ,71.561586,37.9457649,0.0021059323352818054,0.004374677615196329,0.0031481315051469696,0.0021059323352818054,hospital,Computer centre,17,1,26,1.547952376896147,Medium Risk
463,Муассисаи таҳсилоти миёнаи умумии №7-и деҳаи Дриж ноҳияи Ишкошим ВМКБ,72.4912584,37.0056843,0.10393611013871469,0.48353410706359223,0.11926331528172213,0.10393611013871469,hospital,Беморхонаи минтақавии деҳаи Вранг,0,0,0,4.749374607203723,High Risk
466,Лицей Рахнамо,68.8004178,38.5757347,0.003251655747238063,0.004853917281231895,0.0034612723405754004,0.003251655747238063,hospital,"Медицинские ""Шифо""",28,10,191,0.05735268488640145,Low Risk
467,Дилноз учебный центр,68.8299425,38.5632335,0.0045214067700912325,0.002267368203992992,0.0006278793250706992,0.0006278793250706992,pharmacy,Дорухона,16,5,178,0.015269236880208105,Low Risk
468,Школа №63,68.8307214,38.5678189,0.009044389456473937,0.006884380227558091,0.0036517639439979143,0.0036517639439979143,pharmacy,Дорухона,17,6,179,0.05615040813404628,Low Risk
469,МТМУ №65,70.3807474,40.6542934,0.4073033998465152,0.741597670929157,0.2364492951796713,0.2364492951796713,pharmacy,Дорухона,0,0,0,5.314231772267387,High Risk
470,Мактаб-интернати ҷумҳуриявӣ,71.550487,37.9481878,0.013463731328345828,0.015508641579035094,0.006145681861732319,0.006145681861732319,pharmacy,,17,1,27,1.6061705054454098,Medium Risk
471,Гимназии «Кавсар»,69.6111474,40.2756467,0.010118908205688807,0.020759668300637236,0.010495654428862758,0.00922982215433352,dentist,,9,5,39,0.10918037624567373,Low Risk
473,Школа № 54,70.8589773,40.1730202,0.243500389481627,1.2231540620959103,0.16086762330354484,0.16086762330354484,pharmacy,карьер,0,0,0,5.085245734624916,High Risk
474,,68.9801342,39.3441279,0.002321454769019193,0.5615749433939996,0.4202521349333219,0.002321454769019193,hospital,,1,0,1,4.594064195148535,Medium Risk
475,Частная Гимназия,68.7786089,37.8480532,0.010731071035593115,0.009837952924429145,0.003081827665992547,0.003081827665992547,pharmacy,Аптека,3,10,55,0.1422504684080358,Low Risk
476,Music school No.3,68.7900804,38.6090752,0.007419293236653585,0.007328623772121885,0.00040440067358638515,0.00040440067358638515,pharmacy,Pharmacy,23,8,182,0.04203612871364373,Low Risk
477,,71.7654853,37.3042391,0.05475240689615438,0.29307212231194807,0.2542109102876445,0.05475240689615438,hospital,Беморхонаи вилоятии бемориҳои руҳӣ,0,0,1,2.6031069854916855,Medium Risk
478,,71.7499435,37.3154264,0.035756619164400934,0.2739539840666766,0.23695684989957205,0.035756619164400934,hospital,Беморхонаи вилоятии бемориҳои руҳӣ,1,0,1,2.4215586349022984,Medium Risk
479,,71.7464044,37.3189627,0.031044114376188602,0.2689773520344193,0.23218925643817806,0.031044114376188602,hospital,Беморхонаи вилоятии бемориҳои руҳӣ,1,0,1,2.3738002609274362,Medium Risk
480,,71.666743,37.3534471,0.055762411592081486,0.18684787529154062,0.16944425586006392,0.055762411592081486,hospital,Беморхонаи вилоятии бемориҳои руҳӣ,0,0,1,1.7296189014328818,Medium Risk
481,,71.663539,37.3707435,0.06712640902918125,0.1724138258333456,0.15388474926780493,0.06712640902918125,hospital,Беморхонаи вилоятии бемориҳои руҳӣ,0,0,1,1.6114824940821078,Medium Risk
482,Школа 100,68.7959678,38.5585613,0.004299197813141278,0.005307269493787363,0.004057988184021049,0.004057988184021049,pharmacy,Нишон,31,10,191,0.06300014157513305,Low Risk
486,Филиали муассисаи таҳсилоти миёнаи умумии N30 ноҳияи Айнӣ дар водии Яғноб,69.1107892,39.1958103,0.19698827003983757,0.6404110040180138,0.5147917671508073,0.19698827003983757,hospital,,0,0,0,5.628952300424825,High Risk
487,Школа 22,69.5043525,40.1449027,0.032357966653285046,0.029523410396342042,0.1302018637713714,0.029523410396342042,clinic,,1,1,3,1.1781757129115276,Medium Risk
488,Лицей с Технологическим уклоном им. Н.Назримадов,68.7892783,37.8390716,0.0033663898277992406,0.0017763626123765695,0.004462776963984198,0.0017763626123765695,clinic,Маркази ташхиси тибби Дурахш,3,10,55,0.07987632831864215,Low Risk
489,Мактаби миёнаи №11,68.7962154,38.5880683,0.003198795651339157,0.007716921018402757,0.0008498438440240879,0.0008498438440240879,pharmacy,,27,11,189,0.05904539493999052,Low Risk
490,Школа №6,68.7990322,38.5781908,0.0015447590426950506,0.002595698760094623,0.0046381947250329954,0.0015447590426950506,hospital,Детская больница,28,10,190,0.044867134512276884,Low Risk
491,,68.274681,38.5665432,0.05427642669956902,0.062221999022258966,0.057160467487914625,0.05427642669956902,hospital,Роддом,0,0,16,1.7864137739268278,Medium Risk
496,Мактаби №39,69.8227519,38.0202803,0.10670087674694895,0.10557235216481342,0.09793299076591008,0.09793299076591008,pharmacy,,0,0,1,5.53420021372519,High Risk
497,Мактаби №36,69.8004011,37.9639406,0.05183542517049679,0.048971670289512284,0.03790203772866843,0.03790203772866843,pharmacy,,0,2,10,5.1251039864116725,High Risk
498,Мактаби №21,69.7914855,37.9326488,0.029316009228088184,0.016743101483691618,0.006888374511357459,0.006888374511357459,pharmacy,,1,2,10,4.934715636953887,High Risk
499,Мактаби №21,69.7907265,37.9355734,0.03181626587730825,0.01903267607825555,0.009863430326769248,0.009863430326769248,pharmacy,,1,2,10,4.944036584796089,High Risk
500,Мактаби №6,69.7718751,37.901172,0.044064894431893153,0.020371095293448972,0.013259516118433413,0.013259516118433413,pharmacy,,1,2,10,4.871448433179071,High Risk
501,Мактаби №3,69.7791111,37.911337,0.035036580204420326,0.007904519970566617,0.0014743422702221366,0.0014743422702221366,pharmacy,,1,2,10,4.85312552196867,High Risk
502,Мактаби №40,69.7728342,37.9258345,0.042900451070085506,0.012994448876395653,0.01351124615874336,0.012994448876395653,clinic,Маркази саломатии шаҳрӣ,1,2,10,4.866494284914709,High Risk
503,Мактаби №25,69.7675869,37.9219763,0.04715508174056924,0.01614621365869063,0.014327479907765945,0.014327479907765945,pharmacy,,1,2,10,4.850317811610447,High Risk
504,Мактаби Тоҷикистон Россия дар Кӯлоб,69.7887107,37.9225109,0.0267524480324631,0.00703642590631065,0.00708278886572195,0.00703642590631065,clinic,Маркази саломатии шаҳрӣ,1,2,10,4.90591369485437,High Risk
505,Мактаби Таҳсилоти умуми асосии №73,68.6413014,38.7027357,0.0034519851460874406,0.12224258220176772,0.14103107780693944,0.0034519851460874406,hospital,,1,0,2,1.1351272544889057,Medium Risk
506,,70.1375931,38.9066382,0.4389385366113445,0.608949667543904,0.4047410837434493,0.4047410837434493,pharmacy,,0,0,0,7.481064689180904,High Risk
507,школа им. Ломоносова,68.7685909,37.8456419,0.019145448736522408,0.0132850279851661,0.007455655921913179,0.007455655921913179,pharmacy,,3,10,55,0.18153676426460238,Low Risk
508,Лицей,69.3518635,40.1458917,0.0063395669088462244,0.00126867154738146,0.0048411863607136655,0.00126867154738146,clinic,Санаторий Сарчашма,3,2,10,0.501606998551208,Medium Risk
509,Школа № 18,69.6305358,40.2703748,0.011313402115378807,0.030453366412046063,0.006947261883267334,0.006947261883267334,pharmacy,Центральная аптека 7,10,5,40,0.1575082979275655,Low Risk
510,Мактаб музиқии бачагона,73.965997,38.1715041,1.5562424623044533,0.9345017997434214,0.01482241953455229,0.01482241953455229,pharmacy,,0,0,1,12.152491735630004,High Risk
511,"Shkola-9 ""Manas""",73.9797858,38.178704,1.5693307088947837,0.9341631172226841,0.0008616777383301349,0.0008616777383301349,pharmacy,,0,0,1,12.175433319693475,High Risk
513,,69.197782,39.356752,0.21584731934302073,0.5827991226831777,0.47490352250230555,0.21584731934302073,hospital,,0,0,0,5.06816291967159,High Risk
