name,name:en,amenity,building,operator:type,capacity:persons,addr:full,addr:city,source,name:tg,osm_id,osm_type,healthcare_distance_risk,healthcare_capacity_risk,road_condition_risk,infrastructure_age_risk,environmental_risk,nearest_overall_dist,nearest_facility_type,nearest_facility_name,facilities_within_5km,facilities_within_10km,emergency_access_score,composite_risk_score,risk_category,priority_rank,ccri_supplement_ready,analysis_date,country,facility_access_group
Лицей 1 Фархорского района,Litse 1,school,,,,,,,,4979990621,nodes,0.01215409012302792,0.9838709677419355,0.9195928830795518,0.585,0.44089444032166275,0.0101268921555485,hospital,Ибни Сино,3.0,3.0,0.79746215688903,0.5407210678774179,Medium-High Risk,76.0,True,2025-06-17T13:08:11.477365,Tajikistan,2-3
Муассисаи Таҳсилоти миенаи умуми №15,Public school #15,school,yes,,,,,,,9256224105,nodes,0.002139349402458187,0.989247311827957,0.7111479007406948,0.6028571428571429,0.14379964197492265,0.002036113498805647,hospital,,2.0,2.0,0.959277730023887,0.474003763368943,Medium-Low Risk,121.0,True,2025-06-17T13:08:11.477365,Tajikistan,2-3
,,school,,,,,,,,11374172228,nodes,0.012839726384059214,0.9946236559139785,0.9683244690919447,0.6866666666666668,0.3929454485532375,0.010680808765256332,hospital,,1.0,1.0,0.7863838246948733,0.5681470251178644,Medium-High Risk,51.0,True,2025-06-17T13:08:11.477365,Tajikistan,0-1
,,school,,,,,,,,11367223117,nodes,0.032074284527492954,0.9838709677419355,0.9683244690919447,0.6866666666666668,0.44892822980264024,0.01573209473687894,doctors,,2.0,3.0,0.6853581052624212,0.5755277218961279,Medium-High Risk,38.0,True,2025-06-17T13:08:11.477365,Tajikistan,2-3
Школа №51 Ободи,,school,,,,,,,,6165552388,nodes,0.2970934785094179,1.0,0.7909414960068343,0.61,0.4444833445054838,0.24032571470587555,hospital,Морг,0.0,0.0,0.0,0.6154422587052791,Medium-High Risk,13.0,True,2025-06-17T13:08:11.477365,Tajikistan,
Школа №5 Ба номи (Мастибек Паллаев),,school,,,,,,,,3792917120,nodes,0.005581099316824169,0.06451612903225812,0.9195928830795518,0.6849999999999999,0.4366926102424624,0.0019266633800358738,pharmacy,Дорухона,53.0,174.0,0.9614667323992825,0.3693394618493512,Medium-Low Risk,169.0,True,2025-06-17T13:08:11.477365,Tajikistan,6+
Школа №1 Имени Борона Назурова,,school,,,,,,,,4713820717,nodes,0.004184506365755205,0.043010752688172005,0.8951651109277884,0.72348045354429,0.5443516515027937,0.0036883691856998747,hospital,Госпитали ҳарбӣ,63.0,178.0,0.9262326162860025,0.369597656104379,Medium-Low Risk,168.0,True,2025-06-17T13:08:11.477365,Tajikistan,6+
Мактаби №96,School №96,school,,,,,,,,4690421113,nodes,0.2705996079761374,1.0,0.018381374253467225,0.37790945960885897,0.11427988189805709,0.13135299695877029,doctors,Doctor's Surgery,0.0,0.0,0.0,0.3617056193912467,Medium-Low Risk,172.0,True,2025-06-17T13:08:11.477365,Tajikistan,
Мактаби №89,School №89,school,,,,,,,,4751843887,nodes,0.007024649100488701,0.7096774193548387,0.0296290444580683,0.37852304087402733,0.11795715682338777,0.0023931534113006796,pharmacy,Аптека,50.0,54.0,0.9521369317739864,0.21447768614292936,Low Risk,230.0,True,2025-06-17T13:08:11.477365,Tajikistan,6+
"Маркази омӯзиши забонҳо ва компютерии ""ШАФАҚ""","Center for Language Studies and the computer ""Shafak""",school,,,,,,,,2418059642,nodes,0.012740619252578807,0.935483870967742,0.0442608628820334,0.34614079859072966,0.11321313941928755,0.004240296561562043,pharmacy,Дорухона,11.0,12.0,0.9151940687687592,0.2602029834120332,Medium-Low Risk,222.0,True,2025-06-17T13:08:11.477365,Tajikistan,6+
,,school,,,,,,,,3986092717,nodes,0.0025801882250265926,0.935483870967742,0.8695603683103176,0.72,0.2022295460351294,0.0023922614447404065,hospital,Морг,12.0,12.0,0.9521547711051919,0.5235014094516436,Medium-High Risk,90.0,True,2025-06-17T13:08:11.477365,Tajikistan,6+
Мактаби №5,,school,,,,,,,,11342103835,nodes,0.0075314047183135955,0.935483870967742,0.7060114787596107,0.5769491525423728,0.3899576769599731,0.0063922847949725555,hospital,Беморхонаи марказӣ,11.0,12.0,0.8721543041005488,0.4722758922642154,Medium-Low Risk,123.0,True,2025-06-17T13:08:11.477365,Tajikistan,6+
Мактаби №2 ба номи В.И. Ленин,,school,,,,,Ваҳдат,,,976901833,nodes,0.08311110003193801,0.956989247311828,0.3733056758114979,0.5293197910962786,0.1389436054810033,0.06745213674606854,hospital,Беморхонаи бемориҳои сироятӣ,0.0,8.0,0.0,0.4001583023649103,Medium-Low Risk,152.0,True,2025-06-17T13:08:11.477365,Tajikistan,6+
Мактаби №3 ба номи В. Терешкова,,school,,,,,Ваҳдат,,,3020201779,nodes,0.05818930472108932,0.956989247311828,0.3634279859348519,0.5288486773237853,0.13343985359070576,0.047318142745147694,hospital,Беморхонаи бемориҳои сироятӣ,5.0,8.0,0.0536371450970462,0.3886203968765629,Medium-Low Risk,156.0,True,2025-06-17T13:08:11.477365,Tajikistan,6+
Гимназияи ба номи Абулфазли Балъамӣ,,school,,,,,Ваҳдат,,,4394521926,nodes,0.013981504240889108,0.9946236559139785,0.3539822149939298,0.42632706588545527,0.12600325937971774,0.011603236232180843,hospital,,1.0,1.0,0.7679352753563832,0.3625630342673935,Medium-Low Risk,171.0,True,2025-06-17T13:08:11.477365,Tajikistan,0-1
,Oftobliqo School,school,,,,,,,,12584979717,nodes,0.009175322848389835,0.016129032258064502,0.8451418488939514,0.5969230769230769,0.37266890962143556,0.007720384851815245,hospital,Госпитали ҳарбӣ,64.0,183.0,0.8455923029636951,0.3258945386915705,Medium-Low Risk,184.0,True,2025-06-17T13:08:11.477365,Tajikistan,6+
,Bahoriston School,school,,,,,,,,12584979720,nodes,0.006062509125133279,0.010752688172043001,0.8451418488939514,0.5969230769230769,0.3684749358753551,0.003123349900351949,doctors,Поликлиника,96.0,184.0,0.9375330019929611,0.3235200863839224,Medium-Low Risk,185.0,True,2025-06-17T13:08:11.477365,Tajikistan,6+
,,school,,,,,,,,9037998808,nodes,0.01010023017445594,0.026881720430107503,0.9683244690919447,0.6866666666666668,0.3721100828531001,0.008467605440145666,hospital,Беморхонаи маркази №2,90.0,181.0,0.8306478911970867,0.37259804606272223,Medium-Low Risk,165.0,True,2025-06-17T13:08:11.477365,Tajikistan,6+
,,school,,,,,,,,9094367598,nodes,0.0077821268288063026,0.026881720430107503,0.9683244690919447,0.6866666666666668,0.3932300867281551,0.0026379359696605716,pharmacy,Дорухона,87.0,181.0,0.9472412806067886,0.37284271008549763,Medium-Low Risk,164.0,True,2025-06-17T13:08:11.477365,Tajikistan,6+
,,school,,,,,,,,6710486075,nodes,0.06416894757760162,0.9946236559139785,0.9683244690919447,0.6866666666666668,0.41438880108457127,0.02085960734649017,pharmacy,Панчфарм,1.0,1.0,0.5828078530701967,0.587184420162171,Medium-High Risk,26.0,True,2025-06-17T13:08:11.477365,Tajikistan,0-1
Мактаби миенаи дехоти Шинг №11,Public School #11,school,,,,,,,Mактаби миёнаи деҳаи Шинг раками 11,9038008233,nodes,0.0038110566596411136,0.010752688172043001,0.9683244690919447,0.7266666666666667,0.370248501277401,0.0013546656118721319,pharmacy,Сифат Фарм,133.0,184.0,0.9729066877625574,0.37307794980213926,Medium-Low Risk,163.0,True,2025-06-17T13:08:11.477365,Tajikistan,6+
,TBEA Tajik Chinese School,school,,,,,,,,6307814385,nodes,0.0036054737558893256,0.010752688172043001,0.039877635220142316,0.3406336241312834,0.1254560568312712,0.0012882305112029832,pharmacy,Сифат Фарм,133.0,184.0,0.9742353897759404,0.07074970871526151,Low Risk,246.0,True,2025-06-17T13:08:11.477365,Tajikistan,6+
iCenter,iCenter,school,,,,,,,,4851213723,nodes,0.006525971461791257,0.05913978494623651,0.05126142694934682,0.3422724356884472,0.12166815350363057,0.002232003342283669,pharmacy,Аптека,59.0,175.0,0.9553599331543267,0.08435167676665956,Low Risk,241.0,True,2025-06-17T13:08:11.477365,Tajikistan,6+
,,school,,,,,,,Мактаби № 73,8208530225,nodes,0.007166126934532702,0.05913978494623651,0.06012659320155406,0.3456622366768591,0.13801829099841795,0.0024388726514497265,pharmacy,Аптека,59.0,175.0,0.9512225469710055,0.08811799976817203,Low Risk,239.0,True,2025-06-17T13:08:11.477365,Tajikistan,6+
British school,,school,,,,,,,,9768712149,nodes,0.006484873222880005,0.005376344086021501,0.013698190462902465,0.37350359040774345,0.11580797256242144,0.0022187222494030553,pharmacy,Самсон Фарма,125.0,185.0,0.9556255550119389,0.0685854592502205,Low Risk,248.0,True,2025-06-17T13:08:11.477365,Tajikistan,6+
школа 19,мактаби 19,school,,,,,,,,5321474121,nodes,0.0044170381904184595,0.005376344086021501,0.9934302580795608,0.7562289549796142,0.3259163237348493,0.0015504914479029539,pharmacy,,136.0,185.0,0.968990171041941,0.38070895613742556,Medium-Low Risk,159.0,True,2025-06-17T13:08:11.477365,Tajikistan,6+
,,school,,,,,,,,5645336821,nodes,0.005459747629506351,0.005376344086021501,1.0,0.72,0.3353616131077867,0.0047186200016559555,hospital,Таваллудхонаи №1,136.0,185.0,0.9056275999668809,0.3777542611429208,Medium-Low Risk,161.0,True,2025-06-17T13:08:11.477365,Tajikistan,6+
мактаби 17,,school,,,,,,,,8197988217,nodes,0.002501431079362047,0.010752688172043001,1.0,0.76,0.6221532547353952,0.0023286345720146947,hospital,Детская туберкулёзная больница,133.0,184.0,0.9534273085597061,0.39813370124895503,Medium-Low Risk,154.0,True,2025-06-17T13:08:11.477365,Tajikistan,6+
Мактаби №79,,school,,,,,,,,6936234185,nodes,0.0044567416843916945,0.005376344086021501,0.41574882103649824,0.48552877677543665,0.2839132695303806,0.003908304555680217,hospital,,73.0,185.0,0.9218339088863957,0.19359731365870048,Low Risk,232.0,True,2025-06-17T13:08:11.477365,Tajikistan,6+
Мактаби №14,School №14,school,,,,,,,,4785546109,nodes,0.006673462816413378,0.005376344086021501,0.005467572224857803,0.3809512074209296,0.10822664629577651,0.005699164701073135,hospital,,70.0,185.0,0.8860167059785373,0.06733188728709169,Low Risk,249.0,True,2025-06-17T13:08:11.477365,Tajikistan,6+
,,school,,,,,,,,6507764985,nodes,0.006664245400839376,0.005376344086021501,0.0,0.3402896100132591,0.10322648886792167,0.005691718071022764,hospital,,70.0,185.0,0.8861656385795447,0.05961252065288303,Low Risk,252.0,True,2025-06-17T13:08:11.477365,Tajikistan,6+
Мактаби №34,School №34,school,,,,,,,,4785555047,nodes,0.003692320060992231,0.9946236559139785,0.0008864412986875347,0.37989236909409546,0.10379690348096399,0.003290738277339138,hospital,,1.0,1.0,0.9341852344532172,0.26261235406697736,Medium-Low Risk,219.0,True,2025-06-17T13:08:11.477365,Tajikistan,0-1
Средне - общеобразовательная школа 39,Ordinary school 39,school,,,,,,,,6181563285,nodes,0.15842608600524608,1.0,0.07709194012256904,0.39876147494096187,0.125973119597506,0.10263850677367697,clinic,,0.0,0.0,0.0,0.3408349923534979,Medium-Low Risk,179.0,True,2025-06-17T13:08:11.477365,Tajikistan,
Школа №23,,school,,,,,,,Мактаби №23,5096678421,nodes,0.15837102937037867,1.0,0.08367555104683494,0.39929838079732133,0.12801419989787,0.10260292314280914,clinic,,0.0,0.0,0.0,0.342644215155833,Medium-Low Risk,177.0,True,2025-06-17T13:08:11.477365,Tajikistan,
Средняя школа номер 30,Secondary school number 30,school,,,,,,,,7069070485,nodes,0.4238971661295667,1.0,0.9683244690919447,0.7266666666666667,0.7663200688523908,0.34276876320998323,hospital,,0.0,0.0,0.0,0.737761128860954,Medium-High Risk,3.0,True,2025-06-17T13:08:11.477365,Tajikistan,
Школа №54,School 54,school,,,,,,,,6182164786,nodes,0.04677721124570936,0.956989247311828,0.020953478970037936,0.3751418528467608,0.11159572311078136,0.038098460988463555,hospital,isham,4.0,8.0,0.238030780230729,0.27485930722342655,Medium-Low Risk,207.0,True,2025-06-17T13:08:11.477365,Tajikistan,6+
Школа #54,,school,,,,,,,,6505845289,nodes,0.010940013999715928,0.946236559139785,0.021308545282102492,0.37522308162102214,0.11167289396399954,0.009146055860308401,hospital,AhLiDIn,3.0,10.0,0.817078882793832,0.2602705599897365,Medium-Low Risk,221.0,True,2025-06-17T13:08:11.477365,Tajikistan,6+
Мактаби №93,School №93,school,,,,,,,,4690420068,nodes,0.0008633781051840967,0.9946236559139785,0.018146132620767086,0.37709258822390607,0.10922097862962361,0.0010052728982699202,hospital,Shaydon Hospital,1.0,1.0,0.9798945420346016,0.26578838383986897,Medium-Low Risk,217.0,True,2025-06-17T13:08:11.477365,Tajikistan,0-1
Мактаби №93,School №93,school,,,,,,,,4778873733,nodes,0.0009890703471282214,0.9946236559139785,0.017930070512011093,0.37701056814074574,0.10919453731917163,0.0006640908145686682,doctors,,1.0,1.0,0.9867181837086266,0.2657647355193638,Medium-Low Risk,218.0,True,2025-06-17T13:08:11.477365,Tajikistan,0-1
Саманд Школа,,school,,,,,,,,9704530418,nodes,0.0019529722694673225,0.9946236559139785,0.05417134503511989,0.3894779151955789,0.11993117346038507,0.0011313251035864435,doctors,,1.0,1.0,0.9773734979282711,0.2775693536882453,Medium-Low Risk,203.0,True,2025-06-17T13:08:11.477365,Tajikistan,0-1
American School,,school,,,,,,,,9774300825,nodes,0.10090826662897674,0.989247311827957,0.051741073147584526,0.3879920342647198,0.11595311961889722,0.049098141574302506,doctors,,1.0,2.0,0.018037168513949875,0.3100990850932822,Medium-Low Risk,188.0,True,2025-06-17T13:08:11.477365,Tajikistan,2-3
Мактаби махсуси ҷумҳуриявӣ,Republican special school,school,,,,,,,,4747342842,nodes,0.015171817543753902,0.8010752688172043,0.05128156909781506,0.3876857980198433,0.11597986311575521,0.012564874854124886,hospital,,34.0,37.0,0.7487025029175023,0.2422974450369728,Low Risk,226.0,True,2025-06-17T13:08:11.477365,Tajikistan,6+
,,school,,,,,,,,4785852552,nodes,0.007380854418379312,0.8010752688172043,0.041748334817281574,0.34686160175156583,0.11615125082982557,0.0025082628670048393,pharmacy,Мадад,34.0,37.0,0.9498347426599032,0.23107223931842016,Low Risk,227.0,True,2025-06-17T13:08:11.477365,Tajikistan,6+
Гимназияи №74 (тоҷикӣ),Gymnasium №74 (Tajik),school,,,,,,,,6041426985,nodes,0.015581482928245037,0.8064516129032258,0.11010469580357307,0.29610705056147224,0.13272575099637726,0.012895838185251312,hospital,Поликлинакаи ВКД,34.0,36.0,0.7420832362949737,0.24532236069046387,Low Risk,225.0,True,2025-06-17T13:08:11.477365,Tajikistan,6+
Мактаби таҳсилоти миёнаи умумии №3,Secondary school №3,school,,,,,,,,6041426785,nodes,0.013465132547799,0.8064516129032258,0.11295741576381468,0.3966769375321526,0.1309672694840497,0.011186066263434819,hospital,Поликлиника №1,33.0,36.0,0.7762786747313036,0.26029237701735386,Medium-Low Risk,220.0,True,2025-06-17T13:08:11.477365,Tajikistan,6+
№3,,school,,,,,,,,1215726829,nodes,0.011293850579802454,0.8064516129032258,0.1129435527873413,0.3566739601558903,0.1309641343000971,0.009431915827132991,hospital,Поликлиника №1,33.0,36.0,0.8113616834573402,0.25352835921879974,Medium-Low Risk,224.0,True,2025-06-17T13:08:11.477365,Tajikistan,6+
Массива Тахсилоти Миёнаи умумии №27,,school,,,,,,,Mактаби миёнаи дехаи Панчруд раками 27,6565850296,nodes,0.012060502375849045,0.8064516129032258,0.9683244690919447,0.6866666666666668,0.4695879966308352,0.010051283832923407,hospital,Поликлиника №1,33.0,36.0,0.7989743233415318,0.5340720155167202,Medium-High Risk,84.0,True,2025-06-17T13:08:11.477365,Tajikistan,6+
,,school,,,,,,,,7035636573,nodes,0.003494542426852188,0.9946236559139785,1.0,0.72,0.3366604716493091,0.0018785737808261855,doctors,,1.0,1.0,0.9624285243834763,0.5749808446146594,Medium-High Risk,40.0,True,2025-06-17T13:08:11.477365,Tajikistan,0-1
,,school,,,,,,,,7035636574,nodes,0.0007975351734939555,0.8064516129032258,1.0,0.72,0.3366110263987638,0.0009520792508975232,hospital,Поликлинакаи ВКД,34.0,36.0,0.9809584149820495,0.5364000112113062,Medium-High Risk,80.0,True,2025-06-17T13:08:11.477365,Tajikistan,6+
мактаби 20 ба номи С. Аллаёров,,school,,,,,,,,2473833815,nodes,0.005724218836021655,0.8172043010752688,1.0,0.76,0.7666666666666666,0.00394582627722114,clinic,Шифо,34.0,34.0,0.9210834744555773,0.5677776701409947,Medium-High Risk,52.0,True,2025-06-17T13:08:11.477365,Tajikistan,6+
м 54 н Шахринав,,school,,,,,,,,2498271339,nodes,0.0019804866465454847,0.9838709677419355,0.4384448736752572,0.5455223884418821,0.19086800857874753,0.001144662207822822,doctors,,1.0,3.0,0.9771067558435436,0.398450340988712,Medium-Low Risk,153.0,True,2025-06-17T13:08:11.477365,Tajikistan,2-3
ср.школа №9 Шахринавски раён ба номи SaFaRaLi,,school,,,,,,,,2518954099,nodes,0.44436396161109615,1.0,0.40981966774936274,0.5585740637637957,0.19802737111653848,0.3593036208437672,hospital,Поликлиника,0.0,0.0,0.0,0.5516697816216206,Medium-High Risk,62.0,True,2025-06-17T13:08:11.477365,Tajikistan,
Мактаби миенаи тахсилоти умумии №38,,school,,,,,,,,4768945235,nodes,0.003043760648551795,0.946236559139785,0.0943863547595224,0.3920157906232366,0.13944547828197507,0.0027667755709432557,hospital,,9.0,10.0,0.9446644885811348,0.279683859252415,Medium-Low Risk,199.0,True,2025-06-17T13:08:11.477365,Tajikistan,6+
,,school,,,,,,,Мактаби № 80,8198078955,nodes,0.003421577885794144,0.9408602150537635,0.09793388384176949,0.3528563394215334,0.1381461547146864,0.002457607358804011,clinic,,9.0,11.0,0.9508478528239198,0.2736888248801874,Medium-Low Risk,210.0,True,2025-06-17T13:08:11.477365,Tajikistan,6+
Музыкальная школа им М.Атоева,Music school M.Atoev,school,,,,,,,,5519148622,nodes,0.005109420595990406,0.9408602150537635,0.10543997499366242,0.39453187147395574,0.13401391406744623,0.0035484762814549054,clinic,,9.0,11.0,0.9290304743709019,0.28220081039223066,Medium-Low Risk,198.0,True,2025-06-17T13:08:11.477365,Tajikistan,6+
Таджикский государственный институт культуры и искусства им. Мирза Турсун-заде,,school,,,,,,,,6143092285,nodes,0.010636030166283615,0.989247311827957,0.10871344113908926,0.3552990945949387,0.13468216152916224,0.008900471278525127,hospital,Больничный комплекс,1.0,2.0,0.8219905744294975,0.2887794054742619,Medium-Low Risk,195.0,True,2025-06-17T13:08:11.477365,Tajikistan,2-3
Маркази омӯзиши забонҳои хориҷӣ,"Foreign Language Centre ""Master Centre""",school,,,,,,,,4146266690,nodes,0.024472977399279325,0.989247311827957,0.04607993403258859,0.3461375890744326,0.116576904246587,0.02007916081935928,hospital,Больничный комплекс,1.0,2.0,0.5984167836128145,0.27568447153698056,Medium-Low Risk,205.0,True,2025-06-17T13:08:11.477365,Tajikistan,2-3
Нусратулло Сафаров - 59,Nusratullo Safarov - 59,school,,,,,,,,4979932522,nodes,0.02520215762845601,0.935483870967742,0.9195928830795518,0.645,0.4474431312372296,0.020668256034078524,hospital,Районная больница,4.0,12.0,0.5866348793184295,0.5449379066952575,Medium-High Risk,70.0,True,2025-06-17T13:08:11.477365,Tajikistan,6+
,,school,,,,,,,Муассисаи тахсилоти миёнаи умумии №9,4562260641,nodes,0.012179702909540454,0.956989247311828,1.0,0.72,0.4399477942327667,0.006088550635407582,doctors,,8.0,8.0,0.8782289872918484,0.5756581351923431,Medium-High Risk,37.0,True,2025-06-17T13:08:11.477365,Tajikistan,6+
,,school,,,,,,,,3957627543,nodes,0.09894194696652729,0.9838709677419355,0.73423515032964,0.645,0.17917524029915133,0.08024167189933124,hospital,сельское  Амбулатория,0.0,3.0,0.0,0.5206714245840393,Medium-High Risk,93.0,True,2025-06-17T13:08:11.477365,Tajikistan,2-3
Мактаби №87,School #87,school,,,,,,,,4686643350,nodes,0.04473767940801895,0.9516129032258065,0.032489841288074195,0.38295259274678417,0.1306832169867523,0.036450749767319296,hospital,Районная больница,4.0,9.0,0.2709850046536141,0.2780802785213417,Medium-Low Risk,202.0,True,2025-06-17T13:08:11.477365,Tajikistan,6+
,,school,,,,,,,,3948182244,nodes,0.044548346099203974,0.9516129032258065,0.9683244690919447,0.6866666666666668,0.5590871631223349,0.03629778985185944,hospital,Районная больница,4.0,9.0,0.2740442029628112,0.5789499772089857,Medium-High Risk,32.0,True,2025-06-17T13:08:11.477365,Tajikistan,6+
,,school,,,,,,,,3955311368,nodes,0.04530356541813928,0.8010752688172043,0.6623497374115271,0.6311111111111112,0.16867100772279983,0.03690792170821908,hospital,Беморхона,7.0,37.0,0.26184156583561846,0.444758953065478,Medium-Low Risk,135.0,True,2025-06-17T13:08:11.477365,Tajikistan,6+
,,school,,,,,,,,3954744231,nodes,0.0009929900449122068,0.9946236559139785,0.7393907179744849,0.610909090909091,0.22639715297380789,0.0006659908182566166,doctors,,1.0,1.0,0.9866801836348676,0.4870761784771902,Medium-Low Risk,112.0,True,2025-06-17T13:08:11.477365,Tajikistan,0-1
Школа N 1,school N 1,school,,,,,,,,4755811429,nodes,0.010083984819240705,0.8172043010752688,0.7060114787596107,0.5769491525423728,0.42844777654387056,0.005072688617489111,doctors,санэпидем-стансия,33.0,34.0,0.8985462276502177,0.4514378863002401,Medium-Low Risk,132.0,True,2025-06-17T13:08:11.477365,Tajikistan,6+
Ддд,,school,,,,,,,,4578805489,nodes,0.00038917507002261776,0.978494623655914,1.0,0.72,0.2941910119984324,0.0003733022635889437,doctors,Doctors Surgery,2.0,4.0,0.9925339547282211,0.5685446866056123,Medium-High Risk,50.0,True,2025-06-17T13:08:11.477365,Tajikistan,4-5
Дангаранскйй Государственной Университет,Dangara state University,school,,,,,,,,4578805789,nodes,0.0039018958913224376,0.467741935483871,1.0,0.72,0.2944075663310311,0.002768041489931993,clinic,Беморрхона,3.0,99.0,0.9446391702013601,0.46763442897528856,Medium-Low Risk,127.0,True,2025-06-17T13:08:11.477365,Tajikistan,6+
School of Sari Khosor,,school,,,,,,,,7019315111,nodes,0.0016811168152661964,0.935483870967742,0.7007510301814056,0.7266666666666667,0.4625524357565695,0.0006663653427450685,pharmacy,Дорухона,12.0,12.0,0.9866726931450986,0.4950005444120714,Medium-Low Risk,107.0,True,2025-06-17T13:08:11.477365,Tajikistan,6+
,,school,,,,,,,,3961309445,nodes,0.0736056225974022,0.6720430107526882,0.9683244690919447,0.6866666666666668,0.4301397033277998,0.059772785268547915,hospital,Беморхонаи маркази №2,0.0,61.0,0.0,0.5267586724990045,Medium-High Risk,88.0,True,2025-06-17T13:08:11.477365,Tajikistan,6+
,,school,,,,,,,,3961309577,nodes,0.004709654402717545,0.021505376344086002,0.9683244690919447,0.6866666666666668,0.43008976702434576,0.00411262944841026,hospital,Центр психических заболеваний,140.0,182.0,0.9177474110317948,0.3725350599339718,Medium-Low Risk,166.0,True,2025-06-17T13:08:11.477365,Tajikistan,6+
,,school,,,,,,,,3961215184,nodes,0.0009995104935030955,0.010752688172043001,0.9419281933352318,0.6628571428571429,0.4666544392256877,0.0011152524826280588,hospital,Таваллудхонаи № 2,150.0,184.0,0.9776949503474388,0.36074370803079847,Medium-Low Risk,173.0,True,2025-06-17T13:08:11.477365,Tajikistan,6+
Мактаби 49,,school,,,,,,,,5992985787,nodes,0.009073708491918613,0.8817204301075269,0.6290790747393665,0.5283469783302804,0.568995435308859,0.007638291936032873,hospital,Больница номер Один Гиссар,5.0,22.0,0.8472341612793426,0.4444914711935036,Medium-Low Risk,136.0,True,2025-06-17T13:08:11.477365,Tajikistan,6+
П.ПУЛАТОВА,,school,,,,,,,,6621754988,nodes,0.008794810485319103,0.9946236559139785,0.6454258505509187,0.4977300603858681,0.5789711036317584,0.004447784320309052,doctors,,1.0,1.0,0.911044313593819,0.46696744172985516,Medium-Low Risk,128.0,True,2025-06-17T13:08:11.477365,Tajikistan,0-1
Школа  49 филиал,,school,,,,,,,,5991238915,nodes,0.004783484656905221,0.016129032258064502,0.632301563277304,0.529852343917854,0.578466760470442,0.004172275949649842,hospital,Роддом №1,68.0,183.0,0.9165544810070032,0.2713766065120559,Medium-Low Risk,211.0,True,2025-06-17T13:08:11.477365,Tajikistan,6+
Частная школа Паймони Азизон,,school,,,,,,,,4502737690,nodes,0.003934092469518629,0.005376344086021501,0.6499185561619736,0.5399645331174353,0.5687531885599385,0.0034860630588062127,hospital,,73.0,185.0,0.9302787388238758,0.2743641796176414,Medium-Low Risk,209.0,True,2025-06-17T13:08:11.477365,Tajikistan,6+
Частная школа Гулчини маърифат,,school,,,,,,,,4502737691,nodes,0.06393240082468306,0.9838709677419355,0.6484083287489861,0.539097659557657,0.570535359957388,0.031174749194337943,doctors,,1.0,3.0,0.37650501611324116,0.4906440329557907,Medium-Low Risk,111.0,True,2025-06-17T13:08:11.477365,Tajikistan,2-3
Гимназии «Кавсар,,school,,,,,,,,5480002821,nodes,0.05053360560775224,0.7956989247311828,0.6516689368195479,0.500969255120592,0.5669670609446308,0.04113320309299971,hospital,Микрохирургия глаза,7.0,38.0,0.1773359381400058,0.4432375224291572,Medium-Low Risk,139.0,True,2025-06-17T13:08:11.477365,Tajikistan,6+
,,school,,,,,,,,3958146288,nodes,0.02684040948736294,0.13440860215053763,0.9683244690919447,0.6866666666666668,0.7666666666666666,0.02199177838420677,hospital,Российский военный госпиталь,28.0,161.0,0.5601644323158645,0.4196903143570041,Medium-Low Risk,146.0,True,2025-06-17T13:08:11.477365,Tajikistan,6+
Мактаби 4,,school,,,,,Худжанд,,,6738028098,nodes,0.006733861576308785,0.06989247311827962,0.6570404887919493,0.5440525367110371,0.5818393658927589,0.004598368058339623,clinic,Поликлиника #8,57.0,173.0,0.9080326388332075,0.29129531717464485,Medium-Low Risk,194.0,True,2025-06-17T13:08:11.477365,Tajikistan,6+
Language centre Arkon,,school,,,,,,,,5828750986,nodes,0.0011980217661162248,0.989247311827957,0.6980444259953761,0.5268633759431848,0.5878995460920726,0.0012756271555621572,hospital,,2.0,2.0,0.9744874568887568,0.4812043601786575,Medium-Low Risk,116.0,True,2025-06-17T13:08:11.477365,Tajikistan,2-3
,,school,,,,,,,,4601165094,nodes,0.003921863297301154,0.9946236559139785,0.9195928830795518,0.645,0.43098753011449253,0.0013904733079081921,pharmacy,дорухонаи Машҳур,1.0,1.0,0.9721905338418362,0.5484949806124637,Medium-High Risk,67.0,True,2025-06-17T13:08:11.477365,Tajikistan,0-1
56-maktab,,school,,,,,,,,10039756387,nodes,0.0008047406617829859,0.9193548387096774,1.0,0.72,0.9,0.00038316018843421453,pharmacy,Фабричний,13.0,15.0,0.9923367962313157,0.5871526269735595,Medium-High Risk,27.0,True,2025-06-17T13:08:11.477365,Tajikistan,6+
СПТУ,,school,,,,,,,,4759112552,nodes,0.0007398510399328528,0.9193548387096774,0.8257845800056952,0.5866666666666667,0.5765683325338172,0.0009054769903227409,hospital,Илгир,14.0,15.0,0.9818904601935452,0.5074044772340267,Medium-High Risk,99.0,True,2025-06-17T13:08:11.477365,Tajikistan,6+
Частная,,school,,,,,,,,6804965085,nodes,0.0029375655254294756,0.7096774193548387,0.8174886076250142,0.5825,0.5684968448987248,0.0026809819134156585,hospital,Скоры Помош,50.0,54.0,0.9463803617316868,0.46313562595605784,Medium-Low Risk,129.0,True,2025-06-17T13:08:11.477365,Tajikistan,6+
Школа 3,,school,,,,,,,,6805001585,nodes,0.032388242906484115,0.7096774193548387,0.8174886076250142,0.6224999999999999,0.5684968448987248,0.026473800782090353,hospital,Беморхонаи Маркази мубориза зидди бемориҳои сили вилояти Хатлон,44.0,54.0,0.470523984358193,0.4794433630394269,Medium-Low Risk,118.0,True,2025-06-17T13:08:11.477365,Tajikistan,6+
,,school,,,,,,,,7361661485,nodes,0.02590288323040147,0.7043010752688172,0.6393763630013194,0.48919178628663784,0.5853113792363362,0.012740617875527164,doctors,аптек,17.0,55.0,0.7451876424894568,0.41241465183954634,Medium-Low Risk,148.0,True,2025-06-17T13:08:11.477365,Tajikistan,6+
Сш 8,,school,,,,,,,,7357074285,nodes,0.008093845206085025,0.7096774193548387,0.6532737130192603,0.4971688930309176,0.5853113792363362,0.0068466731432203,hospital,Больница района Кушониён,3.0,54.0,0.863066537135594,0.411927660864367,Medium-Low Risk,149.0,True,2025-06-17T13:08:11.477365,Tajikistan,6+
,,school,,,,,,,,7317691586,nodes,0.028095608310647478,0.7096774193548387,0.6729178469323835,0.5001686275530408,0.625003335293694,0.02300583717342139,hospital,Больница района Кушониён,47.0,54.0,0.5398832565315722,0.4262738694104311,Medium-Low Risk,144.0,True,2025-06-17T13:08:11.477365,Tajikistan,6+
,,school,,,,,,,,3961366252,nodes,0.1845156788698278,1.0,0.8451418488939514,0.5969230769230769,0.36382755513563253,0.14937557590934647,hospital,,0.0,0.0,0.0,0.5835957891231708,Medium-High Risk,31.0,True,2025-06-17T13:08:11.477365,Tajikistan,
Школа22,,school,,,,,,,,6859104685,nodes,0.04834076714929551,0.956989247311828,0.8257845800056952,0.6266666666666667,0.5701108666907008,0.031489309958941156,clinic,Маркази саломатии шаҳрӣ,6.0,8.0,0.37021380082117694,0.5372688063005778,Medium-High Risk,78.0,True,2025-06-17T13:08:11.477365,Tajikistan,6+
Школа 2 им. Макаренко,,school,,,,,,,,4759112556,nodes,0.04798473710020464,0.9946236559139785,0.8257845800056952,0.6266666666666667,0.5765683325338172,0.039074005406797716,hospital,Беморхонаи вилоятии бемориҳои руҳӣ,1.0,1.0,0.21851989186404575,0.544993950795982,Medium-High Risk,69.0,True,2025-06-17T13:08:11.477365,Tajikistan,0-1
,,school,,,,,,,,6859103785,nodes,0.007681586968672916,0.9946236559139785,0.8099468145516676,0.5788235294117647,0.6416273555927768,0.006513615079972653,hospital,Беморхонаи вилоятии бемориҳои руҳӣ,1.0,1.0,0.869727698400547,0.5230048874511517,Medium-High Risk,91.0,True,2025-06-17T13:08:11.477365,Tajikistan,0-1
,,school,,,,,,,,7142501890,nodes,0.04522797105855478,0.9946236559139785,0.8565284776517489,0.6033333333333333,0.6272172745865817,0.03684685000919444,hospital,Беморхонаи вилоятии бемориҳои руҳӣ,1.0,1.0,0.26306299981611125,0.5507475041955562,Medium-High Risk,63.0,True,2025-06-17T13:08:11.477365,Tajikistan,0-1
Лицей 1,,school,,,,,,,,6805288287,nodes,0.03638523962969055,0.9516129032258065,0.5765272735247156,0.3941217528067118,0.6257238494674316,0.017821753441236456,doctors,Бунгоҳи тибби нурвуми деҳаи Баррушон,2.0,9.0,0.6435649311752709,0.4375936882911102,Medium-Low Risk,142.0,True,2025-06-17T13:08:11.477365,Tajikistan,6+
школа N13. им. ДЖ .Искандарова,,school,,,,,,,,5240073521,nodes,0.10158345018436368,0.989247311827957,0.9195928830795518,0.6849999999999999,0.6900010327822829,0.08237570796206141,hospital,"Медицинский центр Ага Хана, Хорог",0.0,2.0,0.0,0.6005519423391208,Medium-High Risk,18.0,True,2025-06-17T13:08:11.477365,Tajikistan,2-3
РТ СОШ им. А.П.Чехова,,school,,,,,,,,10804169805,nodes,0.12127703682879709,0.9946236559139785,0.6863767112000826,0.5201660842822773,0.5995546185154083,0.09828590024195034,hospital,"Медицинский центр Ага Хана, Хорог",0.0,1.0,0.0,0.5209685154410073,Medium-High Risk,92.0,True,2025-06-17T13:08:11.477365,Tajikistan,0-1
МТУ №26,,school,,,,,Румон,,,4976473629,nodes,0.0061523457622342645,0.989247311827957,0.6674593889666549,0.5103773555658564,0.5822203935601792,0.005278161016878181,hospital,Беморхонаи марказии н.Гончи,1.0,2.0,0.8944367796624364,0.47253525363692456,Medium-Low Risk,122.0,True,2025-06-17T13:08:11.477365,Tajikistan,2-3
СШ № 1,,school,,,,,,,,6165552392,nodes,0.027153108470793195,0.9193548387096774,0.8693384350042715,0.610909090909091,0.6416413811746784,0.017795523057775986,clinic,Детская поликлиника,12.0,15.0,0.6440895388444803,0.5344275971528786,Medium-High Risk,82.0,True,2025-06-17T13:08:11.477365,Tajikistan,6+
Мактаби №25,,school,,,,,Худжанд,,,6734394581,nodes,0.027092800936661842,0.9193548387096774,0.7307579872815291,0.5856410256410256,0.6325747233603604,0.01775654572038064,clinic,Детская поликлиника,12.0,15.0,0.6448690855923873,0.4955178349043213,Medium-Low Risk,106.0,True,2025-06-17T13:08:11.477365,Tajikistan,6+
Школа №69,School #69,school,,,,,,,,5197846523,nodes,0.10155527433523198,0.9838709677419355,0.8565284776517489,0.6433333333333333,0.580730456725021,0.04941176703620384,doctors,,1.0,3.0,0.011764659275923184,0.5719871818149066,Medium-High Risk,43.0,True,2025-06-17T13:08:11.477365,Tajikistan,2-3
Школа #12,School #12,school,,,,,,,,5197846128,nodes,0.1008754532485154,0.9838709677419355,0.8565284776517489,0.6433333333333333,0.580730456725021,0.04908223587255547,doctors,,1.0,3.0,0.01835528254889074,0.5717492444345558,Medium-High Risk,44.0,True,2025-06-17T13:08:11.477365,Tajikistan,2-3
Лицей №1,,school,,,,,,,,5061734371,nodes,0.0007802256532399753,0.9946236559139785,0.8451418488939514,0.5369230769230768,0.5869494606234866,0.000562857068891293,doctors,,1.0,1.0,0.9887428586221741,0.5203692069545534,Medium-High Risk,94.0,True,2025-06-17T13:08:11.477365,Tajikistan,0-1
Школа №24,,school,,,,,Konibodom,,,297810011,nodes,0.00545749845038241,0.967741935483871,0.9195928830795518,0.6849999999999999,0.5854984576787293,0.0028300817514728565,doctors,Doctor's Surgery,4.0,6.0,0.9433983649705429,0.5573816552082325,Medium-High Risk,60.0,True,2025-06-17T13:08:11.477365,Tajikistan,6+
мтму 53,,school,,,,,,,,4176960489,nodes,0.0006807287754985488,0.9838709677419355,0.7651588709965577,0.5513661351398098,0.5669538114714068,0.0005146277295222099,doctors,медпункт,3.0,3.0,0.9897074454095558,0.4993547772134928,Medium-Low Risk,103.0,True,2025-06-17T13:08:11.477365,Tajikistan,2-3
спорт площадка ,,school,,,,,,,,4176969092,nodes,0.1588315774438132,1.0,0.7650005693706468,0.5512752696894864,0.5669538114714068,0.12862572472164685,hospital,Поликлиника Чоркух,0.0,0.0,0.0,0.5578801754749896,Medium-High Risk,58.0,True,2025-06-17T13:08:11.477365,Tajikistan,
Школа №2,,school,,,,,Худжанд,,,5968610301,nodes,0.399169150257457,1.0,0.6302854617697915,0.5290394469019283,0.5940746094433514,0.32279132109500835,hospital,,0.0,0.0,0.0,0.6063402155400146,Medium-High Risk,17.0,True,2025-06-17T13:08:11.477365,Tajikistan,
,,school,,,,,,,,3956601156,nodes,0.019482940484134,0.9838709677419355,0.6572061292903897,0.6866666666666668,0.1419911813796753,0.009628664973402088,doctors,Doctor's Surgery,2.0,3.0,0.8074267005319582,0.4779943141094152,Medium-Low Risk,120.0,True,2025-06-17T13:08:11.477365,Tajikistan,2-3
,,school,,,,,,,,5992985486,nodes,0.06579647044936794,0.9946236559139785,0.6606489346556076,0.5053982890174746,0.5824033469083266,0.053463872907312186,hospital,Медпункт,0.0,1.0,0.0,0.4920456402020139,Medium-Low Risk,110.0,True,2025-06-17T13:08:11.477365,Tajikistan,0-1
,,school,,,,,,,,3947204601,nodes,0.006751545168660791,0.005376344086021501,0.8800628453530067,0.6311111111111112,0.256481692486406,0.005762246416981573,hospital,,90.0,185.0,0.8847550716603685,0.3309447722554742,Medium-Low Risk,181.0,True,2025-06-17T13:08:11.477365,Tajikistan,6+
Мактаби Миёнаи Умумии №40,,school,,,,,,,,4357775989,nodes,0.005675252399942812,0.005376344086021501,0.08530715138238487,0.39357674384670205,0.12194981887341888,0.003914178800208799,clinic,Ташхис ва Тиб,152.0,185.0,0.921716423995824,0.08952239752345675,Low Risk,238.0,True,2025-06-17T13:08:11.477365,Tajikistan,6+
Мактаби мусиқӣ,,school,,,,,Ваҳдат,,,976904019,nodes,0.008695358340947375,0.005376344086021501,0.3512618252875179,0.5268556567455027,0.1246874264517439,0.005866102219525593,clinic,Ташхис ва Тиб,155.0,185.0,0.8826779556094881,0.17719682039282797,Low Risk,233.0,True,2025-06-17T13:08:11.477365,Tajikistan,6+
Мактаби №38,,school,,,,,,,,2077126251,nodes,0.014000236262116033,0.935483870967742,0.1842008064618813,0.43541693990967667,0.1277609680860206,0.01161836958827754,hospital,Беморхонаи марказӣ,11.0,12.0,0.7676326082344492,0.3097476478915119,Medium-Low Risk,190.0,True,2025-06-17T13:08:11.477365,Tajikistan,6+
Мактаби миёна (литсейи)-и №53,High school (Lyceum) №53,school,,,,,,,,4785564444,nodes,0.006510249441571241,0.010752688172043001,0.02385706297647122,0.38291719585755934,0.1181312652611779,0.005567306740241912,hospital,Городской Центр Кожных и Венерологических Заболеваний,127.0,184.0,0.8886538651951618,0.07373753332476914,Low Risk,244.0,True,2025-06-17T13:08:11.477365,Tajikistan,6+
Мактаби Миёнаи №20,school № 20,school,,,,,,,,1240517233,nodes,0.013955760289216928,0.005376344086021501,0.05731390372070583,0.38721038947726627,0.1287945302561291,0.011582438028758394,hospital,Лаборатория Нурафзо,135.0,185.0,0.7683512394248322,0.08480954578300308,Low Risk,240.0,True,2025-06-17T13:08:11.477365,Tajikistan,6+
Школа 6,,school,,,,,,,,6965321893,nodes,0.0019293834926364527,0.24731182795698925,0.2699034608965273,0.49420585117274723,0.2581747636308605,0.001866484773586624,hospital,Маркази саломати,18.0,140.0,0.9626703045282675,0.20465313089540754,Low Risk,231.0,True,2025-06-17T13:08:11.477365,Tajikistan,6+
,,school,,,,,,,,3949484376,nodes,0.020679552327470485,0.967741935483871,0.9683244690919447,0.6866666666666668,0.407665151537787,0.010208701251880307,doctors,,1.0,6.0,0.7958259749623939,0.5662506052612644,Medium-High Risk,53.0,True,2025-06-17T13:08:11.477365,Tajikistan,6+
"Муассисаи таълимии хусусии ""Абдураҳмони Ҷомӣ""","""Abdurahmoni Jomi"" School",school,,,,,,,,5034563421,nodes,0.001413883514027018,0.010752688172043001,0.02761314393502881,0.33759404156998024,0.11789554857003477,0.0005800076206486395,pharmacy,Бобуна,130.0,184.0,0.9883998475870273,0.06608256651207403,Low Risk,250.0,True,2025-06-17T13:08:11.477365,Tajikistan,6+
Гимназияи №74 (русӣ),Gymnasium №74 (Russian),school,,,,,,,,6041426986,nodes,0.004782353205302032,0.010752688172043001,0.10897358248085737,0.29577698924880946,0.13252479703694484,0.0025028171187772836,doctors,Поликлиника,100.0,184.0,0.9499436576244543,0.08206054511564731,Low Risk,243.0,True,2025-06-17T13:08:11.477365,Tajikistan,6+
,,school,,,,,,,,3975952345,nodes,0.004295994807501734,0.010752688172043001,0.9195928830795518,0.645,0.3635495742510473,0.0022670635478614846,doctors,Поликлиника,100.0,184.0,0.9546587290427703,0.3484798352994745,Medium-Low Risk,175.0,True,2025-06-17T13:08:11.477365,Tajikistan,6+
Школа 61,,school,,,,,,,,4979264827,nodes,0.016364513832974728,0.9838709677419355,0.6574557759467189,0.5449680766235708,0.5925742564946291,0.013528438659724367,hospital,,2.0,3.0,0.7294312268055126,0.4782396416948751,Medium-Low Risk,119.0,True,2025-06-17T13:08:11.477365,Tajikistan,2-3
,,school,,,,,,,Мактаби № 55 (Чортут),8178327678,nodes,0.0031707401110009368,0.010752688172043001,0.11722539545057986,0.3586545487348442,0.15262083659387807,0.002869360625643479,hospital,Ожоговая больница номер 3,135.0,184.0,0.9426127874871304,0.09399586967582443,Low Risk,236.0,True,2025-06-17T13:08:11.477365,Tajikistan,6+
Средний школа #44,,school,,,,,,,,7050329285,nodes,0.002251752830917039,0.010752688172043001,0.013316640057573742,0.3810346411790321,0.12670536468308688,0.002126922765395213,hospital,"Stomotology and X-ray,",129.0,184.0,0.9574615446920958,0.06975827555063215,Low Risk,247.0,True,2025-06-17T13:08:11.477365,Tajikistan,6+
Муассисаи Таҳсилоти миенаи умуми №15,Public school #15,school,,,,,,,,9256224103,nodes,0.04590203359242644,0.16666666666666663,0.7117319056715987,0.6628571428571429,0.14401068140562712,0.029913133084316982,clinic,Поликлиника #8,16.0,155.0,0.40173733831366043,0.3339611270074351,Medium-Low Risk,180.0,True,2025-06-17T13:08:11.477365,Tajikistan,6+
МТМУ №64 имена Аълохон Афсаҳзод,school №64 names Alokhon Afsahzod,school,,,,,,,,6707995285,nodes,0.007890345462026044,0.9838709677419355,0.9683244690919447,0.6866666666666668,0.6358041797330937,0.006682268349144777,hospital,Ибни Сино,3.0,3.0,0.8663546330171045,0.576407140719737,Medium-High Risk,35.0,True,2025-06-17T13:08:11.477365,Tajikistan,2-3
Гимназия 1,,school,,,,,,,,6829495886,nodes,0.013197056650366367,0.9838709677419355,0.7909414960068343,0.51,0.4403866059386155,0.010969491235697931,hospital,Санэпидемстанция район Фархар,3.0,3.0,0.7806101752860414,0.4976478676746547,Medium-Low Risk,104.0,True,2025-06-17T13:08:11.477365,Tajikistan,2-3
Школа 36,,school,,,,,,,,6726576785,nodes,0.008792750084197243,0.9838709677419355,0.7909414960068343,0.61,0.4403866059386155,0.007411309295937604,hospital,Санэпидемстанция район Фархар,3.0,3.0,0.851773814081248,0.5111063603764955,Medium-High Risk,98.0,True,2025-06-17T13:08:11.477365,Tajikistan,2-3
,,school,,,,,,,,3818372109,nodes,0.11249863424883405,0.9946236559139785,0.900448331431826,0.6311111111111112,0.36106444110665553,0.09119394307441413,hospital,,0.0,1.0,0.0,0.5761312247498436,Medium-High Risk,36.0,True,2025-06-17T13:08:11.477365,Tajikistan,0-1
School disabled,,school,,,,,,,,4016464735,nodes,0.015805423882826717,0.10752688172043012,0.8349538126369743,0.6314285714285715,0.3533172242697526,0.013076757167205445,hospital,Российский военный госпиталь,29.0,166.0,0.7384648566558911,0.3481558747900923,Medium-Low Risk,176.0,True,2025-06-17T13:08:11.477365,Tajikistan,6+
Мактаби миёнаи №79,school №79,school,,,,,,,,1164671237,nodes,0.008604844059877142,0.16666666666666663,0.07269201901095956,0.393126918453569,0.12620517511801366,0.0072595024650408384,hospital,Российский военный госпиталь,21.0,155.0,0.8548099506991833,0.11979733003096625,Low Risk,234.0,True,2025-06-17T13:08:11.477365,Tajikistan,6+
Мактаби №94,School №94,school,,,,,,,,4788229838,nodes,0.07351443090818952,0.6666666666666667,0.007450924699944489,0.37209738734761555,0.11443570632328175,0.05969911268996194,hospital,Беморхонаи маркази №2,0.0,62.0,0.0,0.22246250874449225,Low Risk,229.0,True,2025-06-17T13:08:11.477365,Tajikistan,6+
эшма сой,,school,,,,,,,,4481443189,nodes,0.002617129749226944,0.4623655913978495,0.9674142298319414,0.7012957026598885,0.601194311925833,0.0019376848169911308,clinic,Беморрхона,3.0,100.0,0.9612463036601774,0.4704967421450596,Medium-Low Risk,125.0,True,2025-06-17T13:08:11.477365,Tajikistan,6+
Школа 38 районе Кушониён Хатлонской област,Мактаби миёнаи 38 н. Кушониён вилояти Хатоон,school,,,,,,,,7252083188,nodes,0.007313164406056744,0.978494623655914,0.887439649507164,0.6802386182267383,0.5327722848217532,0.006215971287741969,hospital,,2.0,4.0,0.8756805742451607,0.5487928516251921,Medium-High Risk,65.0,True,2025-06-17T13:08:11.477365,Tajikistan,4-5
Мактаби №21,,school,,,,,,,,5954015083,nodes,0.0019838953591380165,0.978494623655914,0.9683244690919447,0.7266666666666667,0.4276243098924007,0.0011463145205402535,doctors,,2.0,4.0,0.9770737095891949,0.5688556208744873,Medium-High Risk,49.0,True,2025-06-17T13:08:11.477365,Tajikistan,4-5
Secondary school,,school,,,,,,,,4556086646,nodes,0.15216679903528854,0.989247311827957,0.9683244690919447,0.7266666666666667,0.5750107714827462,0.0492965348028638,pharmacy,,1.0,2.0,0.014069303942724098,0.6309394978750659,Medium-High Risk,12.0,True,2025-06-17T13:08:11.477365,Tajikistan,2-3
Муассисаи таҳсилоти миёнаи умумии №1,,school,,,,,,,,4562260638,nodes,0.030220612638450592,0.989247311827957,1.0,0.72,0.47644121233050146,0.0098890402026604,pharmacy,,2.0,2.0,0.802219195946792,0.5902487374055742,Medium-High Risk,23.0,True,2025-06-17T13:08:11.477365,Tajikistan,2-3
,,school,,,,,,,,6948783838,nodes,0.007001680514867227,0.010752688172043001,0.9683244690919447,0.6866666666666668,0.6833271414633572,0.005964327506932036,hospital,Лаборатория Нурафзо,152.0,184.0,0.8807134498613594,0.38384860016076616,Medium-Low Risk,157.0,True,2025-06-17T13:08:11.477365,Tajikistan,6+
Муассисаи таҳсилоти миёнаи умумии №8,,school,,,,,,,,4562260640,nodes,0.0007968942196046452,0.016129032258064502,1.0,0.72,0.43369212013961106,0.0009515614325942558,hospital,Поликлиника №5,84.0,183.0,0.9809687713481149,0.3831893254354551,Medium-Low Risk,158.0,True,2025-06-17T13:08:11.477365,Tajikistan,6+
Муассисаи таҳсилоти миёнаи умумии №10,,school,,,,,,,,4562260639,nodes,0.02112972087244869,0.9838709677419355,1.0,0.72,0.4563391813280118,0.017378187393682944,hospital,,2.0,3.0,0.6524362521263412,0.5849865549201447,Medium-High Risk,28.0,True,2025-06-17T13:08:11.477365,Tajikistan,2-3
American School,,school,,,,,,,,9766049952,nodes,0.004455786839901371,0.989247311827957,0.058065824383167375,0.38448761344348786,0.13578076046831275,0.0015630132596986415,pharmacy,Субхи Сарбанд,1.0,2.0,0.9687397348060272,0.27838762389528754,Medium-Low Risk,201.0,True,2025-06-17T13:08:11.477365,Tajikistan,2-3
Школа №16,School #16,school,,,,,,,,6791770585,nodes,0.37975326160690637,1.0,1.0,0.76,0.7666666666666666,0.18426328644559103,doctors,Doctor's Surgery,0.0,0.0,0.0,0.7352469748957505,Medium-High Risk,5.0,True,2025-06-17T13:08:11.477365,Tajikistan,
,SWORDE-Teppa English & Education Centre,school,,,,,,,,5593915921,nodes,0.09130224381575794,0.9838709677419355,0.7060114787596107,0.536949152542373,0.3985280222564584,0.04444179310626423,doctors,Doctor's Surgery,1.0,3.0,0.11116413787471546,0.5057016225679839,Medium-High Risk,101.0,True,2025-06-17T13:08:11.477365,Tajikistan,2-3
Мактаби № 14,,school,,,,,,,,6046496202,nodes,0.15929722329046545,0.9838709677419355,0.7060114787596107,0.5769491525423728,0.42023220648491794,0.07740114836364138,doctors,Doctor's Surgery,0.0,3.0,0.0,0.5365850745955545,Medium-High Risk,79.0,True,2025-06-17T13:08:11.477365,Tajikistan,2-3
школа 26,,school,,,,,,,,6943371485,nodes,0.047396891829773295,0.9838709677419355,0.6653299325195271,0.553796146877547,0.4598878166880039,0.023159455719214343,doctors,Doctor's Surgery,2.0,3.0,0.5368108856157132,0.48575940168472176,Medium-Low Risk,114.0,True,2025-06-17T13:08:11.477365,Tajikistan,2-3
,SWORDE-Teppa English Language and Education Centre - Kushoniyon District,school,,,,,,,,6454422286,nodes,0.07498257280039951,0.6989247311827957,0.7060114787596107,0.536949152542373,0.4265223203167828,0.060885205412478965,hospital,Беморхонаи маркази №2,0.0,56.0,0.0,0.44440020530379676,Medium-Low Risk,137.0,True,2025-06-17T13:08:11.477365,Tajikistan,6+
Мактаби 7 н.Кушониён,,school,,,,,,,,6464546288,nodes,0.003749570600235397,0.989247311827957,0.7060114787596107,0.5769491525423728,0.45321827991074,0.0033369902427089686,hospital,Духтурхона,2.0,2.0,0.9332601951458206,0.4848679686424694,Medium-Low Risk,115.0,True,2025-06-17T13:08:11.477365,Tajikistan,2-3
Школа 23,School 23 named after Shodi Bahriddin,school,,,,,,,,4348957990,nodes,0.018623472445765548,0.935483870967742,1.0,0.76,0.6211520899085774,0.015353421915985209,hospital,роддом рудаки,2.0,12.0,0.6929315616802958,0.5886725940449952,Medium-High Risk,25.0,True,2025-06-17T13:08:11.477365,Tajikistan,6+
школа 10,мактаби 10,school,,,,,,,,5321212621,nodes,0.14786488237731774,0.9946236559139785,0.8451418488939514,0.6369230769230769,0.3967501820172889,0.11976587454132577,hospital,Роддом,0.0,1.0,0.0,0.5773388728776708,Medium-High Risk,34.0,True,2025-06-17T13:08:11.477365,Tajikistan,0-1
,,school,,,,,,,,3945547808,nodes,0.0013721687557458765,0.9838709677419355,0.9683244690919447,0.6866666666666668,0.4744925340993132,0.0008497909448681699,doctors,Codan,2.0,3.0,0.9830041811026367,0.5660601965908499,Medium-High Risk,54.0,True,2025-06-17T13:08:11.477365,Tajikistan,2-3
,,school,,,,,,,,3945547802,nodes,0.04235433717949394,0.956989247311828,0.9683244690919447,0.6866666666666668,0.45424396032323605,0.03452527860712663,hospital,"Медицинский центр Ага Хана, Хорог",2.0,8.0,0.3094944278574674,0.5740151827643364,Medium-High Risk,41.0,True,2025-06-17T13:08:11.477365,Tajikistan,6+
,,school,,,,,,,,3945547795,nodes,0.22221819035338647,1.0,0.9683244690919447,0.6866666666666668,0.43718519522799615,0.14386795530196878,clinic,First Aid Post,0.0,0.0,0.0,0.6447167436580712,Medium-High Risk,10.0,True,2025-06-17T13:08:11.477365,Tajikistan,
,,school,,,,,,,,3813468163,nodes,0.0023417796920810825,0.9946236559139785,0.8349538126369743,0.5914285714285714,0.41263856250868275,0.001759723435651491,clinic,First Aid Post,1.0,1.0,0.9648055312869702,0.5178290210739875,Medium-High Risk,95.0,True,2025-06-17T13:08:11.477365,Tajikistan,0-1
,,school,,,,,,,,3945547815,nodes,0.025710346402637703,0.26881720430107525,0.9419281933352318,0.6628571428571429,0.4480538731879385,0.021078815129163278,hospital,Беморхонаи маркази №2,27.0,136.0,0.5784236974167345,0.4200753755229145,Medium-Low Risk,145.0,True,2025-06-17T13:08:11.477365,Tajikistan,6+
,,school,,,,,,,,3945547812,nodes,0.0035450681515979835,0.010752688172043001,0.9683244690919447,0.6866666666666668,0.45635084536826614,0.003171775376657688,hospital,"Stomotology and X-ray,",126.0,184.0,0.9365644924668463,0.3712899710288674,Medium-Low Risk,167.0,True,2025-06-17T13:08:11.477365,Tajikistan,6+
средняя школа № 53,,school,,,,,,,,9339781479,nodes,0.037818366055887474,0.9946236559139785,0.9419281933352318,0.7028571428571428,0.4479322512203734,0.030860726585415454,hospital,Беморхонаи вилоятии бемориҳои руҳӣ,1.0,1.0,0.3827854682916909,0.5754683916257544,Medium-High Risk,39.0,True,2025-06-17T13:08:11.477365,Tajikistan,0-1
Тошбек,,school,,,,,,,,7239724185,nodes,0.0022467613028230612,0.9838709677419355,0.7909414960068343,0.5700000000000001,0.433735227252462,0.0012737341048965345,doctors,Codan,2.0,3.0,0.9745253179020693,0.5024826953687069,Medium-High Risk,102.0,True,2025-06-17T13:08:11.477365,Tajikistan,2-3
Мактаби 45 Тошбек,,school,,,,,,,,6955243185,nodes,0.06661126185513397,0.9838709677419355,0.7909414960068343,0.61,0.433735227252462,0.03247327936626951,doctors,,1.0,3.0,0.35053441267460983,0.5310102705620158,Medium-High Risk,86.0,True,2025-06-17T13:08:11.477365,Tajikistan,2-3
,,school,,,,,,,,3820698142,nodes,0.009419098797686997,0.9838709677419355,0.9195928830795518,0.645,0.35834174175486094,0.007917328267789023,hospital,Поликлиника Чоркух,3.0,3.0,0.8416534346442195,0.5446361859852086,Medium-High Risk,71.0,True,2025-06-17T13:08:11.477365,Tajikistan,2-3
,,school,,,,,,,,3820698150,nodes,0.003940192755865617,0.9838709677419355,0.9195928830795518,0.645,0.3582983024591186,0.0034909914007327145,hospital,,2.0,3.0,0.9301801719853457,0.542716396905784,Medium-High Risk,74.0,True,2025-06-17T13:08:11.477365,Tajikistan,2-3
,,school,,,,,,,,3820698196,nodes,0.0026295071358427512,0.9838709677419355,0.9683244690919447,0.6866666666666668,0.40870214483883,0.0024321055507576096,hospital,Поликлиника Чоркух,3.0,3.0,0.9513578889848479,0.5632107455608598,Medium-High Risk,56.0,True,2025-06-17T13:08:11.477365,Tajikistan,2-3
,,school,,,,,,,,3959028745,nodes,0.01869001816551136,0.9838709677419355,0.5820085487843425,0.610909090909091,0.16985844116083218,0.015407183336678922,hospital,Поликлиника Чоркух,3.0,3.0,0.6918563332664216,0.4489471227968069,Medium-Low Risk,133.0,True,2025-06-17T13:08:11.477365,Tajikistan,2-3
мактаби раками 14,school namber 14,school,,,,,,,,10743677906,nodes,0.008323211291482838,0.9838709677419355,0.6432665827238281,0.6849999999999999,0.14308115998146975,0.0070319750177367,hospital,Поликлиника Чоркух,3.0,3.0,0.859360499645266,0.4704080211804366,Medium-Low Risk,126.0,True,2025-06-17T13:08:11.477365,Tajikistan,2-3
Средняя школа 22,,school,,,,,,,,4984013230,nodes,0.2940866957098759,1.0,1.0,0.76,0.6258376736093615,0.23789657402427716,hospital,,0.0,0.0,0.0,0.6982222271789247,Medium-High Risk,6.0,True,2025-06-17T13:08:11.477365,Tajikistan,
,,school,,,,,,,,9330197416,nodes,0.041927169244606544,0.989247311827957,1.0,0.72,0.5945523111600192,0.013672070077352967,pharmacy,,2.0,2.0,0.7265585984529407,0.6002515871592047,Medium-High Risk,19.0,True,2025-06-17T13:08:11.477365,Tajikistan,2-3
,,school,,,,,,,,3958267483,nodes,0.022581787301542713,0.9838709677419355,0.7095789994271886,0.645,0.1547937223561238,0.011130775775290902,doctors,,3.0,3.0,0.777384484494182,0.48656225507853035,Medium-Low Risk,113.0,True,2025-06-17T13:08:11.477365,Tajikistan,2-3
школа 14,мактаби 14,school,,,,,,,,5321459021,nodes,0.0017325608472597365,0.9838709677419355,0.9683244690919447,0.7266666666666667,0.41309877599578776,0.001024484592368614,doctors,,3.0,3.0,0.9795103081526277,0.5691166459177036,Medium-High Risk,47.0,True,2025-06-17T13:08:11.477365,Tajikistan,2-3
Мактаби №55 ш.Файзобод,,school,,,,,,,,4768928356,nodes,0.035769581267922713,0.989247311827957,0.6234091049243742,0.7266666666666667,0.3521673426350993,0.0175233240157194,doctors,,1.0,2.0,0.649533519685612,0.4928294591722129,Medium-Low Risk,109.0,True,2025-06-17T13:08:11.477365,Tajikistan,2-3
Мактаби N71,,school,,,,,,,,4585685402,nodes,0.002295867707932405,0.989247311827957,0.06639906500776094,0.40049976646145397,0.14800008143115428,0.0012975375601503682,doctors,,2.0,2.0,0.9740492487969926,0.2827277513560838,Medium-Low Risk,197.0,True,2025-06-17T13:08:11.477365,Tajikistan,2-3
Мактаби №136 Рабиев Гани,,school,,,,,,,,4730375713,nodes,0.03893530623018226,0.9838709677419355,0.4044645288665455,0.5350963751556529,0.16947324315157977,0.019057852807173353,doctors,,1.0,3.0,0.618842943856533,0.4002558013765142,Medium-Low Risk,151.0,True,2025-06-17T13:08:11.477365,Tajikistan,2-3
School #11,,school,,,,,,,,4863321926,nodes,0.006264501462113696,0.9838709677419355,0.8565284776517489,0.6433333333333333,0.4958470419068277,0.0032212620880640113,doctors,,3.0,3.0,0.9355747582387197,0.5343912405684055,Medium-High Risk,83.0,True,2025-06-17T13:08:11.477365,Tajikistan,2-3
Мактаби №14,,school,,,,,,,Мактаби №14,3785754990,nodes,0.016726299965420886,0.9408602150537635,0.8565284776517489,0.6433333333333333,0.4958470419068277,0.011056576773130737,clinic,,9.0,11.0,0.7788684645373853,0.5294507195069287,Medium-High Risk,87.0,True,2025-06-17T13:08:11.477365,Tajikistan,6+
,,school,,,,,,,,3955113554,nodes,0.004327497365100839,0.9731182795698925,0.716824529914035,0.6311111111111112,0.20060694934646425,0.002282333851572821,doctors,,2.0,5.0,0.9543533229685436,0.48004142660426247,Medium-Low Risk,117.0,True,2025-06-17T13:08:11.477365,Tajikistan,4-5
,,school,,,,,,,,3953031333,nodes,0.0017826057872158655,0.9838709677419355,0.9419281933352318,0.6628571428571429,0.3401987582404257,0.001048742985673398,doctors,,3.0,3.0,0.9790251402865321,0.5493186632483134,Medium-High Risk,64.0,True,2025-06-17T13:08:11.477365,Tajikistan,2-3
Школа Билярда Пойтахт,,school,,,,,,,,5500390121,nodes,0.021533051712557195,0.9731182795698925,0.03822698909432842,0.3857192222539464,0.11281618849621643,0.01062241987731926,doctors,,5.0,5.0,0.7875516024536148,0.2752156640498584,Medium-Low Risk,206.0,True,2025-06-17T13:08:11.477365,Tajikistan,4-5
Гимназия,,school,,,,,,,,9774274794,nodes,0.1564495779109966,0.9946236559139785,0.03949970910195627,0.28578076608736314,0.11323736079841001,0.07602080298470272,doctors,Doctor's Surgery,0.0,1.0,0.0,0.31208599368015855,Medium-Low Risk,187.0,True,2025-06-17T13:08:11.477365,Tajikistan,0-1
dreamland,,school,,,,,,,,6549108649,nodes,0.04814050397960457,0.967741935483871,0.044277937801269374,0.3460830996285691,0.11325563438251347,0.023519908464539573,doctors,,2.0,6.0,0.5296018307092085,0.27904229460336416,Medium-Low Risk,200.0,True,2025-06-17T13:08:11.477365,Tajikistan,6+
,,school,,,,,,,,3953520313,nodes,0.12174782273801951,0.9946236559139785,0.786502771939746,0.62,0.2153257728602976,0.0591997452296059,doctors,Doctor's Surgery,0.0,1.0,0.0,0.5419284507690539,Medium-High Risk,75.0,True,2025-06-17T13:08:11.477365,Tajikistan,0-1
,,school,,,,,,,,3953367171,nodes,0.016973157282695335,0.9946236559139785,0.8185206044725603,0.62,0.2778442940536648,0.00841209226767777,doctors,,1.0,1.0,0.8317581546464446,0.5163877020525623,Medium-High Risk,96.0,True,2025-06-17T13:08:11.477365,Tajikistan,0-1
,,school,,,,,,,,3946147418,nodes,0.14800231323551022,0.9946236559139785,0.8572026115291064,0.6311111111111112,0.2613816278200408,0.11987690314259128,hospital,Роддом,0.0,1.0,0.0,0.5727619417551696,Medium-High Risk,42.0,True,2025-06-17T13:08:11.477365,Tajikistan,0-1
Школа №6 Имени Абдулгани Мирзоев,,school,,,,,,,,4714950899,nodes,0.004391196751827298,0.7096774193548387,0.712667364909018,0.7266666666666667,0.3526925405922423,0.003084281326337737,clinic,УЗИ Ятимов,50.0,54.0,0.9383143734732453,0.4482738709909739,Medium-Low Risk,134.0,True,2025-06-17T13:08:11.477365,Tajikistan,6+
№5,,school,,,,,,,,1111417534,nodes,0.2220108706074985,1.0,0.13518878119360844,0.36149152779202953,0.1613665892030233,0.1796674532036364,hospital,,0.0,0.0,0.0,0.37379305863998213,Medium-Low Risk,162.0,True,2025-06-17T13:08:11.477365,Tajikistan,
Мактаби №49,,school,,,,,,,,1217178229,nodes,0.009893404597735895,0.9946236559139785,0.09798390008802782,0.392998869544898,0.14023167505642353,0.008300513749158795,hospital,Беморхонаи марказии н.Гончи,1.0,1.0,0.8339897250168241,0.2928448119985661,Medium-Low Risk,193.0,True,2025-06-17T13:08:11.477365,Tajikistan,0-1
Школа № 60,,school,,,,,,,,6431350286,nodes,0.005727107064851104,0.9623655913978495,0.04243353051670112,0.380414786153201,0.1208574533909883,0.004934616208998914,hospital,Больница Чинор,1.0,7.0,0.9013076758200217,0.26819107897397265,Medium-Low Risk,214.0,True,2025-06-17T13:08:11.477365,Tajikistan,6+
lfgs,,school,,,,,,,,6549045310,nodes,0.003960867211828872,0.9946236559139785,0.04133320147866276,0.34039429508159497,0.12047273232391925,0.00350769402456637,hospital,Беморхонаи марказии н.Гончи,1.0,1.0,0.9298461195086726,0.26772711595503673,Medium-Low Risk,215.0,True,2025-06-17T13:08:11.477365,Tajikistan,0-1
Мактаби №4 ба номи Т. Собиров,,school,,,,,Ваҳдат,,,976899820,nodes,0.07144132033231002,0.978494623655914,0.35886848863208565,0.525100576740115,0.1352838313459747,0.05802427364336109,hospital,,1.0,4.0,0.0,0.3959497870838287,Medium-Low Risk,155.0,True,2025-06-17T13:08:11.477365,Tajikistan,4-5
садик №101,,school,,,,,,,,1157184994,nodes,0.010776606800764778,0.989247311827957,0.06424599036077472,0.3450890410924336,0.13625482922606155,0.00721123304920216,clinic,,2.0,2.0,0.8557753390159568,0.27625886996122084,Medium-Low Risk,204.0,True,2025-06-17T13:08:11.477365,Tajikistan,2-3
bahodur,,school,,,,,,,,6549045352,nodes,0.24628499959971573,1.0,0.03879877347324073,0.33924804833046596,0.12606550459482505,0.11956692361021401,doctors,Doctor's Surgery,0.0,0.0,0.0,0.35308992570752185,Medium-Low Risk,174.0,True,2025-06-17T13:08:11.477365,Tajikistan,
Школа  15,Shkola 15,school,,,,,,,,4929586823,nodes,0.01643419682953834,0.967741935483871,0.18304742311779348,0.41424207288394144,0.20579122716287537,0.008150840787310957,doctors,Doctor's Surgery,5.0,6.0,0.8369831842537809,0.317488084057296,Medium-Low Risk,186.0,True,2025-06-17T13:08:11.477365,Tajikistan,6+
,,school,,,,,,,,3959737221,nodes,0.003795152855638955,0.967741935483871,0.6463306240004464,0.610909090909091,0.25923271838643197,0.0020242893320771577,doctors,Doctor's Surgery,5.0,6.0,0.9595142133584569,0.4610573461520447,Medium-Low Risk,131.0,True,2025-06-17T13:08:11.477365,Tajikistan,6+
"Кипарх, архитектурная школа",,school,,,,,,,,9766421128,nodes,0.00017519437105855947,0.967741935483871,0.06561373048277369,0.39069476666180697,0.12191448820436146,0.0002695789309272772,doctors,Doctor's Surgery,4.0,6.0,0.9946084213814544,0.27471307715682725,Medium-Low Risk,208.0,True,2025-06-17T13:08:11.477365,Tajikistan,6+
Общежитие #8 ТГПУ имени С. АЙНИ,Dormitory #8 TSPU after named by S. Ainy,school,,,,,,,,1156232292,nodes,0.003972421386032306,0.005376344086021501,0.054971272817549044,0.34303737464697176,0.11982683449828396,0.0035170284914936493,hospital,"Медицинские ""Шифо""",124.0,185.0,0.929659430170127,0.07365538242866282,Low Risk,245.0,True,2025-06-17T13:08:11.477365,Tajikistan,6+
гимназияи. сомони,,school,,,,,,,,1156231127,nodes,0.0027775420438113066,0.010752688172043001,0.05401967711436623,0.2828358568074631,0.11960982688607757,0.0010206804103176823,pharmacy,,119.0,184.0,0.9795863917936464,0.06503346649375745,Low Risk,251.0,True,2025-06-17T13:08:11.477365,Tajikistan,6+
средняя школа 11 (А.С. Макаренко),,school,,,,,,,,4949216298,nodes,0.9999999999999999,1.0,0.9195928830795518,0.6849999999999999,0.37994681041705425,0.8081947430153602,hospital,,0.0,0.0,0.0,0.9016455612907406,High Risk,1.0,True,2025-06-17T13:08:11.477365,Tajikistan,
Мактаби байналмиллалӣ,International school,school,,,,,Душанбе,,,4746733021,nodes,0.008525996711775414,0.05913978494623651,0.06212078989807096,0.3895008917704346,0.12223750251535155,0.007195802718940377,hospital,Госпитали ҳарбӣ,63.0,175.0,0.8560839456211925,0.09487926220421922,Low Risk,235.0,True,2025-06-17T13:08:11.477365,Tajikistan,6+
Мактаби миёнаи мусулмони дар шаҳри Душанбе,Muslim secondary school in Dushanbe,school,,,,,,,,4785528688,nodes,0.0024004355208513796,0.989247311827957,0.022602812070470574,0.3808814933497372,0.11933623294033402,0.002247041575049173,hospital,"Бунгоҳи Саломати ""Чуянгарон""Ҷ.Д Чуянгарон Ш.Ваҳдат",2.0,2.0,0.9550591684990165,0.2674393534649843,Medium-Low Risk,216.0,True,2025-06-17T13:08:11.477365,Tajikistan,2-3
,,school,,,,,,,,10263476503,nodes,0.08338043614298417,0.456989247311828,0.8451418488939514,0.5969230769230769,0.3630255524163335,0.06766972988397839,hospital,Солим Мед (Solim Med),0.0,101.0,0.0,0.4395562034951761,Medium-Low Risk,141.0,True,2025-06-17T13:08:11.477365,Tajikistan,6+
,,school,,,,,,,,3961184824,nodes,0.02178135816051799,0.9946236559139785,0.9419281933352318,0.6628571428571429,0.4666544392256877,0.01790463667573175,hospital,Беморхонаи вилоятии бемориҳои руҳӣ,1.0,1.0,0.641907266485365,0.5647915482626409,Medium-High Risk,55.0,True,2025-06-17T13:08:11.477365,Tajikistan,0-1
,,school,,,,,,,,3831017552,nodes,0.11012539267385806,0.989247311827957,1.0,0.72,0.4041132512151034,0.0892766321007339,hospital,"Медицинский центр Ага Хана, Хорог",0.0,2.0,0.0,0.6145990123621969,Medium-High Risk,15.0,True,2025-06-17T13:08:11.477365,Tajikistan,2-3
,,school,,,,,,,,3790146738,nodes,0.0773302102276439,0.956989247311828,0.8451418488939514,0.5969230769230769,0.42004682244535657,0.06278183112852037,hospital,"Медицинский центр Ага Хана, Хорог",0.0,8.0,0.0,0.5402896879262582,Medium-High Risk,77.0,True,2025-06-17T13:08:11.477365,Tajikistan,6+
,,school,,,,,,,,3969728666,nodes,0.06622568980887147,0.956989247311828,0.9683244690919447,0.6866666666666668,0.592390720478846,0.053810633640298436,hospital,"Медицинский центр Ага Хана, Хорог",0.0,8.0,0.0,0.589277494192399,Medium-High Risk,24.0,True,2025-06-17T13:08:11.477365,Tajikistan,6+
,,school,,,,,,,,3945547785,nodes,0.010480126095864477,0.8172043010752688,1.0,0.72,0.6132109931469042,0.008774518409585078,hospital,Инфекционная больница,32.0,34.0,0.8245096318082985,0.5557694540059516,Medium-High Risk,61.0,True,2025-06-17T13:08:11.477365,Tajikistan,6+
,,school,,,,,,,,3945547784,nodes,0.003967901348846829,0.010752688172043001,0.9683244690919447,0.6866666666666668,0.5830875578795716,0.0014053507249172507,pharmacy,,131.0,184.0,0.971892985501655,0.3777747982734697,Medium-Low Risk,160.0,True,2025-06-17T13:08:11.477365,Tajikistan,6+
Мактаби №3 ба номи Хасанов Д н.Нуробод,,school,,,,,,,,4768913859,nodes,0.09254352498177547,0.9838709677419355,0.9202865322126951,0.76,0.5163999864669736,0.07507247007219504,hospital,сельское  Амбулатория,0.0,3.0,0.0,0.5990560596685309,Medium-High Risk,20.0,True,2025-06-17T13:08:11.477365,Tajikistan,2-3
,,school,,,,,,,,3989473377,nodes,0.048316625101281596,0.4731182795698925,0.854985541116677,0.72,0.17957936576015887,0.039342133402366,hospital,Беморхонаи маркази №2,11.0,98.0,0.21315733195267994,0.44225982826660426,Medium-Low Risk,140.0,True,2025-06-17T13:08:11.477365,Tajikistan,6+
,,school,,,,,,,,3956356450,nodes,0.015564615892281725,0.9946236559139785,0.6529630297267831,0.645,0.1465851246692201,0.005152884610588321,pharmacy,Дорухона,1.0,1.0,0.8969423077882336,0.4716923604102511,Medium-Low Risk,124.0,True,2025-06-17T13:08:11.477365,Tajikistan,0-1
,school № 21,school,,,,,,,,725885902,nodes,0.002138665438407582,0.026881720430107503,0.06971637790206342,0.35164803449737003,0.12274458309579789,0.0008142243732611896,pharmacy,,135.0,181.0,0.9837155125347762,0.0824384057943754,Low Risk,242.0,True,2025-06-17T13:08:11.477365,Tajikistan,6+
Мактаби N71,,school,,,,,,,,4585685605,nodes,0.015337466604519175,0.7096774193548387,0.058651638289429375,0.39320703306158805,0.15033832428769375,0.010158960459124617,clinic,Диамед,50.0,54.0,0.7968207908175077,0.22846447792852972,Low Risk,228.0,True,2025-06-17T13:08:11.477365,Tajikistan,6+
Мактаби 10,,school,,,,,,,,5012455922,nodes,0.03331197370250209,0.8010752688172043,0.9195928830795518,0.6849999999999999,0.44089444032166275,0.027220070867110903,hospital,Лукмони. хаким,18.0,37.0,0.45559858265778197,0.5265671873452876,Medium-High Risk,89.0,True,2025-06-17T13:08:11.477365,Tajikistan,6+
Мактаби - 3.     А. Джоми,,school,,,,,,,,5096115521,nodes,0.05187471061467006,0.935483870967742,0.9195928830795518,0.6849999999999999,0.4412579148242044,0.04221666436964916,hospital,Физлечебница Гулакандоз,2.0,12.0,0.1556667126070168,0.5599640394197811,Medium-High Risk,57.0,True,2025-06-17T13:08:11.477365,Tajikistan,6+
Мактабча,,school,,,,,,,,5096115422,nodes,0.05143101122475775,0.8064516129032258,0.9195928830795518,0.6849999999999999,0.4412579148242044,0.02511492324515759,doctors,санэпидем-стансия,22.0,36.0,0.4977015350968482,0.5340022930204086,Medium-High Risk,85.0,True,2025-06-17T13:08:11.477365,Tajikistan,6+
,,school,,,,,,,,3947206879,nodes,0.01288530659889515,0.8064516129032258,0.8816322108893643,0.6866666666666668,0.3553930142645831,0.010717632427461274,hospital,Поликлиника №1,34.0,36.0,0.7856473514507745,0.5069778833258286,Medium-High Risk,100.0,True,2025-06-17T13:08:11.477365,Tajikistan,6+
,,school,,,,,,,"Мактаби № 98 (Гипрозем, Чортут, Табачка)",8200679987,nodes,0.0038614946385529094,0.8010752688172043,0.12780629185245418,0.3602610713611673,0.15456812390840677,0.0034274122162440243,hospital,,31.0,37.0,0.9314517556751195,0.25528571674964334,Medium-Low Risk,223.0,True,2025-06-17T13:08:11.477365,Tajikistan,6+
"Школа чемпионов, таэквондо",Taekwondo champions' school,school,,,,,,,,5518725824,nodes,0.023749253655915223,0.946236559139785,0.1487608195712971,0.404942043266116,0.15896961999279044,0.019494473828495756,hospital,Рай. Больница,9.0,10.0,0.6101105234300849,0.3034395429899085,Medium-Low Risk,191.0,True,2025-06-17T13:08:11.477365,Tajikistan,6+
Мактаби №38,,school,,,,,,,,2077126250,nodes,0.3314491404459992,1.0,0.18374419427146316,0.43517197788740586,0.12785411704541058,0.26808120674411096,hospital,,0.0,0.0,0.0,0.433611750259347,Medium-Low Risk,143.0,True,2025-06-17T13:08:11.477365,Tajikistan,
Гимназия N1,,school,,,,,,,,4355436799,nodes,0.011034562835785522,0.9731182795698925,0.08390534003213551,0.2932442319038915,0.12169994848965093,0.005533464380482137,doctors,,2.0,5.0,0.8893307123903572,0.2695337201246036,Medium-Low Risk,213.0,True,2025-06-17T13:08:11.477365,Tajikistan,4-5
,,school,,,,,,,,9462985335,nodes,0.006429403012336123,0.021505376344086002,0.8596850767347727,0.6311111111111112,0.2491178630722218,0.001650597588755318,dentist,,92.0,182.0,0.9669880482248936,0.3285951953271058,Medium-Low Risk,182.0,True,2025-06-17T13:08:11.477365,Tajikistan,6+
,,school,,,,,,,,3946145778,nodes,0.2228329993473737,1.0,0.8821998413808202,0.6311111111111112,0.27041477270963693,0.10819898418608986,doctors,,0.0,0.0,0.0,0.6067289154189344,Medium-High Risk,16.0,True,2025-06-17T13:08:11.477365,Tajikistan,
Мактаби № 8 ш.Норак,,school,,,,,,,,4709784621,nodes,0.38698106297257195,1.0,0.8157361078004316,0.7028571428571428,0.24604737458083728,0.18776683442488476,doctors,,0.0,0.0,0.0,0.6571083391481214,Medium-High Risk,9.0,True,2025-06-17T13:08:11.477365,Tajikistan,
Мактаби №5 ш.Норак,,school,,,,,,,,4732513462,nodes,0.8978463485488278,1.0,0.8227444805590393,0.7028571428571428,0.2485799610691942,0.4353996827035213,doctors,,0.0,0.0,0.0,0.8377899116138808,High Risk,2.0,True,2025-06-17T13:08:11.477365,Tajikistan,
,,school,,,,,,,,6549108645,nodes,0.5645157417530313,1.0,0.03145361618437609,0.3377416326377459,0.12434383532471628,0.27382360793425964,doctors,,0.0,0.0,0.0,0.46232235032155267,Medium-Low Risk,130.0,True,2025-06-17T13:08:11.477365,Tajikistan,
школа 31,,school,,,,,,,,6705153286,nodes,0.003644041114459144,0.010752688172043001,0.093437774001214,0.3996705310632886,0.13870544361057346,0.003251734344928024,hospital,"Медицинские ""Шифо""",124.0,184.0,0.9349653131014395,0.09367124736479475,Low Risk,237.0,True,2025-06-17T13:08:11.477365,Tajikistan,6+
Мактаби №67,,school,,,,,,,,4734104780,nodes,0.001561929802535264,0.08064516129032262,0.9195928830795518,0.6849999999999999,0.38424412773825684,0.0006278494883392239,pharmacy,Дорухона,82.0,171.0,0.9874430102332156,0.36853613484575265,Medium-Low Risk,170.0,True,2025-06-17T13:08:11.477365,Tajikistan,6+
Лицей 2,,school,,,,,,,,7542377785,nodes,0.010270762365729998,0.07526881720430112,0.7608686202790212,0.4989285852919575,0.5265616301546752,0.006884300941996995,clinic,Протезно-Ортопедический завод,84.0,172.0,0.8623139811600601,0.3100330546401484,Medium-Low Risk,189.0,True,2025-06-17T13:08:11.477365,Tajikistan,6+
,,school,,,,,,,,3949868438,nodes,0.5037778476249868,1.0,0.9618054551570393,0.6980762547630921,0.32056601339896496,0.407303325907324,hospital,сельское  Амбулатория,0.0,0.0,0.0,0.7375133493424172,Medium-High Risk,4.0,True,2025-06-17T13:08:11.477365,Tajikistan,
,,school,,,,,,,,3953168843,nodes,0.016309631823079856,0.946236559139785,0.9572946646545705,0.6866666666666668,0.4050620875608351,0.013484100198381622,hospital,Роддом,8.0,10.0,0.7303179960323676,0.5575324535077193,Medium-High Risk,59.0,True,2025-06-17T13:08:11.477365,Tajikistan,6+
,,school,,,,,,,,3956660266,nodes,0.01214434091013211,0.8064516129032258,0.6660674920991521,0.6866666666666668,0.1723856161165008,0.01011901589336475,hospital,Поликлиника №1,33.0,36.0,0.7976196821327051,0.4436769957298044,Medium-Low Risk,138.0,True,2025-06-17T13:08:11.477365,Tajikistan,6+
,,school,,,,,,,,3986020687,nodes,0.30102299429591756,1.0,0.9226709495450148,0.72,0.2755832152396318,0.2435003193555441,hospital,Больница,0.0,0.0,0.0,0.6578049461518064,Medium-High Risk,8.0,True,2025-06-17T13:08:11.477365,Tajikistan,
,,school,,,,,,,,3957945248,nodes,0.002492602711505322,0.9946236559139785,0.7412832442040176,0.645,0.22189526925264613,0.0023215022485505083,hospital,,1.0,1.0,0.9535699550289898,0.4929627166454593,Medium-Low Risk,108.0,True,2025-06-17T13:08:11.477365,Tajikistan,0-1
,,school,,,,,,,,3958986294,nodes,0.009155765296862968,0.7096774193548387,0.6384624183020657,0.645,0.2216113920427567,0.003081833824214376,pharmacy,Аптека,50.0,54.0,0.9383633235157125,0.41258617590252405,Medium-Low Risk,147.0,True,2025-06-17T13:08:11.477365,Tajikistan,6+
,,school,,,,,,,,3958977612,nodes,0.0008702158516438239,0.05913978494623651,0.6817781905076733,0.645,0.18313010371268687,0.0004043188098485138,pharmacy,Pharmacy,96.0,175.0,0.9919136238030297,0.2884835853498753,Medium-Low Risk,196.0,True,2025-06-17T13:08:11.477365,Tajikistan,6+
Мактаби №38,,school,,,,,,,,2076325446,nodes,0.0673913509938862,0.9946236559139785,0.18957691782584557,0.4371179098529234,0.12955954885746715,0.05475235613715147,hospital,Беморхонаи вилоятии бемориҳои руҳӣ,0.0,1.0,0.0,0.34195159740792913,Medium-Low Risk,178.0,True,2025-06-17T13:08:11.477365,Tajikistan,0-1
39-мактаб,School 39,school,,,,,,,,5181583521,nodes,0.043878419398775396,0.9946236559139785,0.9419281933352318,0.7028571428571428,0.7666666666666666,0.03575656479165625,hospital,Беморхонаи вилоятии бемориҳои руҳӣ,1.0,1.0,0.28486870416687504,0.5935261310680798,Medium-High Risk,21.0,True,2025-06-17T13:08:11.477365,Tajikistan,0-1
Мактаби № 10 н. Рудаки,,school,,,,,,,,4045205098,nodes,0.03804529164823815,0.9946236559139785,0.4208482069595907,0.49035621919472483,0.26699376702860994,0.03104405681736929,hospital,Беморхонаи вилоятии бемориҳои руҳӣ,1.0,1.0,0.37911886365261427,0.404355756230216,Medium-Low Risk,150.0,True,2025-06-17T13:08:11.477365,Tajikistan,0-1
,,school,,,,,,,,3831018449,nodes,0.06864166668079032,0.9946236559139785,0.9683244690919447,0.6866666666666668,0.32863670585803234,0.05576246990405278,hospital,Беморхонаи вилоятии бемориҳои руҳӣ,0.0,1.0,0.0,0.5844622670869601,Medium-High Risk,30.0,True,2025-06-17T13:08:11.477365,Tajikistan,0-1
,,school,,,,,,,,3831019479,nodes,0.08270796923381281,0.9946236559139785,0.9195928830795518,0.645,0.3079215652837161,0.06712645262220023,hospital,Беморхонаи вилоятии бемориҳои руҳӣ,0.0,1.0,0.0,0.5699168194487039,Medium-High Risk,45.0,True,2025-06-17T13:08:11.477365,Tajikistan,0-1
,,school,,,,,,,,3945547819,nodes,0.005026592847596321,0.010752688172043001,0.8451418488939514,0.5969230769230769,0.4688126627665188,0.0043686798921386315,hospital,"Stomotology and X-ray,",126.0,184.0,0.9126264021572273,0.3281744020313426,Medium-Low Risk,183.0,True,2025-06-17T13:08:11.477365,Tajikistan,6+
,,school,,,,,,,,3945547790,nodes,0.24345053780855275,1.0,1.0,0.72,0.5643054171485088,0.19698828123482792,hospital,,0.0,0.0,0.0,0.6714229590904189,Medium-High Risk,7.0,True,2025-06-17T13:08:11.477365,Tajikistan,
,,school,,,,,,,,3945547788,nodes,0.03967156280881111,0.9838709677419355,0.9683244690919447,0.6866666666666668,0.5830875578795716,0.03235790011727767,hospital,Физлечебница Гулакандоз,2.0,3.0,0.3528419976544467,0.5848947356984358,Medium-High Risk,29.0,True,2025-06-17T13:08:11.477365,Tajikistan,2-3
Мактаби №71,,school,,,,,,,,4756707894,nodes,0.020934979036848596,0.956989247311828,0.11356617839061073,0.4116989293054275,0.151286373515152,0.0068883431999365325,pharmacy,,8.0,8.0,0.8622331360012694,0.29643579479448695,Medium-Low Risk,192.0,True,2025-06-17T13:08:11.477365,Tajikistan,6+
Лицей ТТУ,,school,,,,,,,,5346827824,nodes,0.029067267399223516,0.956989247311828,0.07340923248992065,0.2922428404269476,0.1220204394857951,0.01903266232165714,clinic,Маркази саломатии шаҳрӣ,8.0,8.0,0.6193467535668572,0.2698611492129059,Medium-Low Risk,212.0,True,2025-06-17T13:08:11.477365,Tajikistan,6+
,,school,,,,,,,,3945547799,nodes,0.031138177653760313,0.956989247311828,0.9683244690919447,0.6866666666666668,0.433930540397738,0.020371111470162545,clinic,Маркази саломатии шаҳрӣ,8.0,8.0,0.5925777705967491,0.5690738559340548,Medium-High Risk,48.0,True,2025-06-17T13:08:11.477365,Tajikistan,6+
,,school,,,,,,,,4447076373,nodes,0.0041815613070627965,0.956989247311828,0.9195928830795518,0.645,0.3078740464715047,0.0014743959644483633,pharmacy,,8.0,8.0,0.9705120807110328,0.5349033190133008,Medium-High Risk,81.0,True,2025-06-17T13:08:11.477365,Tajikistan,6+
,,school,,,,,,,,3975865174,nodes,0.019724681389508992,0.956989247311828,0.9195928830795518,0.645,0.3629060305279547,0.012994459428921046,clinic,Маркази саломатии шаҳрӣ,8.0,8.0,0.7401108114215791,0.5430950102449794,Medium-High Risk,73.0,True,2025-06-17T13:08:11.477365,Tajikistan,6+
СОШ №25,,school,,,,,,,Мактаби №25,6814990253,nodes,0.024601245931401287,0.956989247311828,0.9195928830795518,0.645,0.4392495019438294,0.016146229837333704,clinic,Маркази саломатии шаҳрӣ,8.0,8.0,0.6770754032533259,0.5486189814054355,Medium-High Risk,66.0,True,2025-06-17T13:08:11.477365,Tajikistan,6+
Мактаби миенаи тахсилоти умумии №24,,school,,,,,,,,4768959369,nodes,0.010506108077544783,0.956989247311828,0.9195928830795518,0.6849999999999999,0.3147432550621864,0.007036407131481944,clinic,Маркази саломатии шаҳрӣ,8.0,8.0,0.8592718573703612,0.5434603708125035,Medium-High Risk,72.0,True,2025-06-17T13:08:11.477365,Tajikistan,6+
СОШ №28,,school,,,,,,,,6815738755,nodes,0.0038920041493329194,0.989247311827957,0.9195928830795518,0.645,0.4381488482821418,0.003452060452831874,hospital,,1.0,2.0,0.9309587909433625,0.547767327001853,Medium-High Risk,68.0,True,2025-06-17T13:08:11.477365,Tajikistan,2-3
СОШ №70,,school,,,,,,,,6815738757,nodes,0.12370940306749463,1.0,0.9195928830795518,0.645,0.4490541669529154,0.10025097726176922,hospital,,0.0,0.0,0.0,0.5923992201911569,Medium-High Risk,22.0,True,2025-06-17T13:08:11.477365,Tajikistan,
СОШ №49,,school,,,,,,,Мактаби №49,6814293427,nodes,0.02017423012779175,0.7096774193548387,0.9195928830795518,0.645,0.4392495019438294,0.01328500708768515,clinic,УЗИ Сабурова К.,50.0,54.0,0.734299858246297,0.49760716028277424,Medium-Low Risk,105.0,True,2025-06-17T13:08:11.477365,Tajikistan,6+
,,school,,,,,,,,3945881696,nodes,0.0015819819908419641,0.946236559139785,1.0,0.72,0.6016444592855166,0.001268658898194108,clinic,Санаторий Сарчашма,9.0,10.0,0.9746268220361178,0.5778832284890276,Medium-High Risk,33.0,True,2025-06-17T13:08:11.477365,Tajikistan,6+
,,school,,,,,,,,3960991330,nodes,0.013622832506362594,0.8010752688172043,0.9419281933352318,0.6628571428571429,0.26893588747718783,0.01131347000702799,hospital,,34.0,37.0,0.7737305998594401,0.5133404592769065,Medium-High Risk,97.0,True,2025-06-17T13:08:11.477365,Tajikistan,6+
Школа-интернат № 11,,school,,,,,,,,3959601183,nodes,0.042874752031398004,0.989247311827957,1.0,0.76,0.7666666666666666,0.013978285996497926,pharmacy,,2.0,2.0,0.7204342800700415,0.615188958909914,Medium-High Risk,14.0,True,2025-06-17T13:08:11.477365,Tajikistan,2-3
,,school,,,,,,,,3961091861,nodes,0.0022853759205348234,0.989247311827957,0.9683244690919447,0.6866666666666668,0.5196980088442801,0.0008616345687174733,pharmacy,,2.0,2.0,0.9827673086256505,0.5697153616529788,Medium-High Risk,46.0,True,2025-06-17T13:08:11.477365,Tajikistan,2-3
,,school,,,,,,,,3960992800,nodes,0.26679415336070494,1.0,0.9419281933352318,0.6628571428571429,0.2647075256715701,0.21584728435336487,hospital,,0.0,0.0,0.0,0.6415239497222046,Medium-High Risk,11.0,True,2025-06-17T13:08:11.477365,Tajikistan,
,,school,,,,,,,,3945547797,nodes,,,1.0,0.72,0.5643054171485088,,,,,,,,,,True,2025-06-17T13:08:11.477365,Tajikistan,
СОШ №27,,school,,,,,,,,6814192472,nodes,,,0.9195928830795518,0.645,0.4381488482821418,,,,,,,,,,True,2025-06-17T13:08:11.477365,Tajikistan,
СОШ №58,,school,,,,,,,,6810601028,nodes,,,0.9195928830795518,0.645,0.4456408732231234,,,,,,,,,,True,2025-06-17T13:08:11.477365,Tajikistan,
,,school,,,,,,,,3961330689,nodes,,,0.9683244690919447,0.6866666666666668,0.46803130328760406,,,,,,,,,,True,2025-06-17T13:08:11.477365,Tajikistan,
,,school,,,,,,,,3960876722,nodes,,,0.8069972062525358,0.72,0.29460955622482515,,,,,,,,,,True,2025-06-17T13:08:11.477365,Tajikistan,
,,school,,,,,,,,3959412020,nodes,,,0.5755333797401615,0.610909090909091,0.14548409504244741,,,,,,,,,,True,2025-06-17T13:08:11.477365,Tajikistan,
,,school,,,,,,,,3958134051,nodes,,,0.9683244690919447,0.6866666666666668,0.39856025235037945,,,,,,,,,,True,2025-06-17T13:08:11.477365,Tajikistan,
,,school,,,,,,,,3958134387,nodes,,,0.9683244690919447,0.6866666666666668,0.3981364359171393,,,,,,,,,,True,2025-06-17T13:08:11.477365,Tajikistan,
,,school,,,,,,,,3956477346,nodes,,,0.6093165493031695,0.6628571428571429,0.1099005312922982,,,,,,,,,,True,2025-06-17T13:08:11.477365,Tajikistan,
,,school,,,,,,,,3956400545,nodes,,,0.6262468386613019,0.6628571428571429,0.17407755976498132,,,,,,,,,,True,2025-06-17T13:08:11.477365,Tajikistan,
,,school,,,,,,,,3956131606,nodes,,,0.6486258662664517,0.62,0.16970743154590492,,,,,,,,,,True,2025-06-17T13:08:11.477365,Tajikistan,
,,school,,,,,,,,3959588764,nodes,,,0.5905600868901834,0.610909090909091,0.19217158045392638,,,,,,,,,,True,2025-06-17T13:08:11.477365,Tajikistan,
,,school,,,,,,,,3957667745,nodes,,,0.73816597285097,0.645,0.18059570526991395,,,,,,,,,,True,2025-06-17T13:08:11.477365,Tajikistan,
,,school,,,,,,,,3957647545,nodes,,,0.7201867324490561,0.645,0.17755802589452938,,,,,,,,,,True,2025-06-17T13:08:11.477365,Tajikistan,
,,school,,,,,,,,3956580580,nodes,,,0.6172382981007035,0.6628571428571429,0.13708688489040535,,,,,,,,,,True,2025-06-17T13:08:11.477365,Tajikistan,
,,school,,,,,,,,3956477938,nodes,,,0.606702690827738,0.6628571428571429,0.10895597213636225,,,,,,,,,,True,2025-06-17T13:08:11.477365,Tajikistan,
,,school,,,,,,,,3956548685,nodes,,,0.5748604445379457,0.645,0.13099086160339543,,,,,,,,,,True,2025-06-17T13:08:11.477365,Tajikistan,
,,school,,,,,,,,3956155539,nodes,,,0.6594282684920272,0.645,0.17676122517325457,,,,,,,,,,True,2025-06-17T13:08:11.477365,Tajikistan,
12,,school,,,,,,,,6804474589,nodes,,,0.8174886076250142,0.5825,0.5829563263742507,,,,,,,,,,True,2025-06-17T13:08:11.477365,Tajikistan,
,,school,,,,,,,,3954942373,nodes,,,0.7265787650014055,0.62,0.20451448835360042,,,,,,,,,,True,2025-06-17T13:08:11.477365,Tajikistan,
,,school,,,,,,,,3955034009,nodes,,,0.7466938873458658,0.645,0.2044825277659649,,,,,,,,,,True,2025-06-17T13:08:11.477365,Tajikistan,
,,school,,,,,,,,3954624201,nodes,,,0.7889676762310797,0.62,0.21621650506281312,,,,,,,,,,True,2025-06-17T13:08:11.477365,Tajikistan,
,,school,,,,,,,,3949869079,nodes,,,0.9277052797031874,0.663351170604329,0.2840548903484892,,,,,,,,,,True,2025-06-17T13:08:11.477365,Tajikistan,
,,school,,,,,,,,3954861393,nodes,,,0.7260873846021274,0.610909090909091,0.2095832120205788,,,,,,,,,,True,2025-06-17T13:08:11.477365,Tajikistan,
,,school,,,,,,,,3952997514,nodes,,,0.9502507614409149,0.6762923222764741,0.27926198732281926,,,,,,,,,,True,2025-06-17T13:08:11.477365,Tajikistan,
,,school,,,,,,,,3949483794,nodes,,,0.9683244690919447,0.6866666666666668,0.4122279396159238,,,,,,,,,,True,2025-06-17T13:08:11.477365,Tajikistan,
,,school,,,,,,,,3831018590,nodes,,,0.9683244690919447,0.6866666666666668,0.3285574574732786,,,,,,,,,,True,2025-06-17T13:08:11.477365,Tajikistan,
41 Хунар,,school,,,,,,,,8563112717,nodes,,,0.7060114787596107,0.536949152542373,0.3993423768450705,,,,,,,,,,True,2025-06-17T13:08:11.477365,Tajikistan,
,,school,,,,,,,,11271780686,nodes,,,0.8816173988460848,0.72,0.2725340692609483,,,,,,,,,,True,2025-06-17T13:08:11.477365,Tajikistan,
МТУ №16,,school,,,,,,,,2132112134,nodes,,,0.9683244690919447,0.6866666666666668,0.4417164231459012,,,,,,,,,,True,2025-06-17T13:08:11.477365,Tajikistan,
Мактаби №,,school,,,,,,,,1845154326,nodes,,,0.7924971119810588,0.6065792011946376,0.6757590005046726,,,,,,,,,,True,2025-06-17T13:08:11.477365,Tajikistan,
,,school,,,,,,,,2071094196,nodes,,,0.9683244690919447,0.6866666666666668,0.4417164231459012,,,,,,,,,,True,2025-06-17T13:08:11.477365,Tajikistan,
Maktabi N 14 ba nomi Shoismat Hasanov,,school,,,,,,,,2044724630,nodes,,,0.900448331431826,0.6311111111111112,0.7389318195268677,,,,,,,,,,True,2025-06-17T13:08:11.477365,Tajikistan,
,,school,,,,,,,,6634261972,nodes,,,0.9419281933352318,0.6628571428571429,0.9,,,,,,,,,,True,2025-06-17T13:08:11.477365,Tajikistan,
,,school,,,,,,,,3958024037,nodes,,,0.851196251202548,0.72,0.17262453574963132,,,,,,,,,,True,2025-06-17T13:08:11.477365,Tajikistan,
,,school,,,,,,,,3959230512,nodes,,,0.5553080147713445,0.610909090909091,0.12934999898802255,,,,,,,,,,True,2025-06-17T13:08:11.477365,Tajikistan,
,,school,,,,,,,,3959331506,nodes,,,0.5600199843928454,0.610909090909091,0.1335362481533412,,,,,,,,,,True,2025-06-17T13:08:11.477365,Tajikistan,
,,school,,,,,,,,6586563270,nodes,,,0.8349538126369743,0.5914285714285714,0.46984538130383613,,,,,,,,,,True,2025-06-17T13:08:11.477365,Tajikistan,
Мактаби №28,,school,,,,,,,,1999712537,nodes,,,0.07830383832104926,0.38864111397706197,0.14326206266267194,,,,,,,,,,True,2025-06-17T13:08:11.477365,Tajikistan,
,,school,,,,,,,,3958024038,nodes,,,0.8509137086343973,0.72,0.17252243451798585,,,,,,,,,,True,2025-06-17T13:08:11.477365,Tajikistan,
,,school,,,,,,,,3958066039,nodes,,,0.8751751570813094,0.72,0.20811535082064828,,,,,,,,,,True,2025-06-17T13:08:11.477365,Tajikistan,
,,school,,,,,,,,3958977611,nodes,,,0.70723545359743,0.645,0.15394684495565988,,,,,,,,,,True,2025-06-17T13:08:11.477365,Tajikistan,
,,school,,,,,,,,3959175946,nodes,,,0.5499835037331453,0.610909090909091,0.12742590259975775,,,,,,,,,,True,2025-06-17T13:08:11.477365,Tajikistan,
,,school,,,,,,,,3959368064,nodes,,,0.5532250603668135,0.610909090909091,0.1316228450332895,,,,,,,,,,True,2025-06-17T13:08:11.477365,Tajikistan,
,,school,,,,,,,,6549108641,nodes,,,0.05367212804862387,0.350168403645486,0.11852359057137186,,,,,,,,,,True,2025-06-17T13:08:11.477365,Tajikistan,
Мактаби № 35,school 35,school,,,,,,,,6332194486,nodes,,,0.06296261521413743,0.3925184411878866,0.12588254522116651,,,,,,,,,,True,2025-06-17T13:08:11.477365,Tajikistan,
,Primary school no. 8,school,,,,,,,,6469563088,nodes,,,1.0,0.72,0.7666666666666666,,,,,,,,,,True,2025-06-17T13:08:11.477365,Tajikistan,
,,school,,,,,,,"Мактаби № 97 (Авул, 104 микрорайон)",8208526405,nodes,,,0.042160314804723376,0.3422362368937398,0.12672252184448288,,,,,,,,,,True,2025-06-17T13:08:11.477365,Tajikistan,
Муассисаи Таҳсилоти миенаи умуми №24 Ба номи З.Хайров Д.Чуянгарон Ш.Вахдат,Public school #24,school,yes,,,,,,,10048617103,nodes,,,0.5785249461829077,0.5684155213202002,0.40061423171193766,,,,,,,,,,True,2025-06-17T13:08:11.477365,Tajikistan,
,,school,,,,,,,,10048931234,nodes,,,0.08231224915472929,0.37300012745371786,0.1592657705437864,,,,,,,,,,True,2025-06-17T13:08:11.477365,Tajikistan,
,,school,,,,,,,,3945547805,nodes,,,0.9683244690919447,0.6866666666666668,0.45424396032323605,,,,,,,,,,True,2025-06-17T13:08:11.477365,Tajikistan,
,,school,,,,,,,,3945547813,nodes,,,0.9419281933352318,0.6628571428571429,0.4480538731879385,,,,,,,,,,True,2025-06-17T13:08:11.477365,Tajikistan,
,,school,,,,,,,,3945547816,nodes,,,0.8451418488939514,0.5969230769230769,0.44968818391181387,,,,,,,,,,True,2025-06-17T13:08:11.477365,Tajikistan,
,,school,,,,,,,,3945547818,nodes,,,0.8451418488939514,0.5969230769230769,0.44968818391181387,,,,,,,,,,True,2025-06-17T13:08:11.477365,Tajikistan,
"Образовательный центр ""Сириус""",,school,,,,,,,,12646830184,nodes,,,0.6955728473032743,0.4654446848237749,0.5876027738886626,,,,,,,,,,True,2025-06-17T13:08:11.477365,Tajikistan,
Литсеи Донишгоҳи Миллии Тоҷикистон,lyceum Tajik Natsionalnogo University,school,,,,,,,,4747286010,nodes,,,0.06279297885340551,0.35065496957707387,0.12212936582975671,,,,,,,,,,True,2025-06-17T13:08:11.477365,Tajikistan,
,,school,,,,,,,,297810484,nodes,,,0.9195928830795518,0.645,0.5854984576787293,,,,,,,,,,True,2025-06-17T13:08:11.477365,Tajikistan,
,,school,,,,,,,,1224883503,nodes,,,0.1352035583522056,0.38117165964028776,0.15175464912325043,,,,,,,,,,True,2025-06-17T13:08:11.477365,Tajikistan,
школа А. Сафаров 46,,school,,,,,,,,7876522886,nodes,,,0.9683244690919447,0.7266666666666667,0.9,,,,,,,,,,True,2025-06-17T13:08:11.477365,Tajikistan,
Президентский лицей номер 1,,school,,,,,,,,7872105386,nodes,,,0.015159370479530088,0.2806899359256625,0.11637416463506589,,,,,,,,,,True,2025-06-17T13:08:11.477365,Tajikistan,
Школа № 8,,school,,,,,,,,7829571572,nodes,,,0.7060114787596107,0.5769491525423728,0.4004942550623522,,,,,,,,,,True,2025-06-17T13:08:11.477365,Tajikistan,
Школа 13,,school,,,,,,,,4979278721,nodes,,,0.6522394579587286,0.5416410846844248,0.5822203935601792,,,,,,,,,,True,2025-06-17T13:08:11.477365,Tajikistan,
Мактаби №28,School #28,school,,,,,Хучанд,,Мактаби №28,4741252965,nodes,,,0.8099468145516676,0.6188235294117647,0.6272172745865817,,,,,,,,,,True,2025-06-17T13:08:11.477365,Tajikistan,
Мактаби тазсилотии умумии раками 62,,school,,,,,,,,7042413382,nodes,,,0.6120195895997439,0.5182104504056589,0.6155088155438929,,,,,,,,,,True,2025-06-17T13:08:11.477365,Tajikistan,
Мактаби №3 (Масчиди Сурх),,school,,,,,,,,3580486684,nodes,,,0.668189451358734,0.5504520635538099,0.5808128794008943,,,,,,,,,,True,2025-06-17T13:08:11.477365,Tajikistan,
Мактаби рассоми,,school,,,,,Худжанд,,,6761544655,nodes,,,0.6369717689386994,0.5328774006083951,0.5855585168275216,,,,,,,,,,True,2025-06-17T13:08:11.477365,Tajikistan,
17 школа,,school,,,,,,,,6894787690,nodes,,,0.8257845800056952,0.6266666666666667,0.601180668411924,,,,,,,,,,True,2025-06-17T13:08:11.477365,Tajikistan,
Муассисаи таҳсилоти миёнаи умумии №2 ноҳияи Сангвор,,school,,,,,,,,12215039531,nodes,,,0.8349090252376766,0.72,0.29188091584380366,,,,,,,,,,True,2025-06-17T13:08:11.477365,Tajikistan,
Муассисаи таҳсилоти миёнаи умумии №7-и ба номи Муҳаббатшо Рузадор ноҳияи Рушони ВМКБ,,school,,,,,,,,10274602294,nodes,,,0.8838563866704635,0.62,0.4109958367852387,,,,,,,,,,True,2025-06-17T13:08:11.477365,Tajikistan,
Муассисаи таҳсилоти миёнаи умумии №41,,school,,,,,,,,12217018058,nodes,,,0.07402943559288683,0.35642049822594013,0.12894912256353477,,,,,,,,,,True,2025-06-17T13:08:11.477365,Tajikistan,
Муассисаи таҳсилоти миёнаи умумии №10 ба номи Ғуломшоев Кучакшо деҳаи Ямг. Н. Ишкошим ВМКБ,,school,,,,,,,,12089910103,nodes,,,1.0,0.72,0.5692778096863186,,,,,,,,,,True,2025-06-17T13:08:11.477365,Tajikistan,
Муассисаи таҳсилоти миёнаи умумии №37-и ноҳияи Ишкошим ба номи Азизбеков Ошурбек,,school,,,,,,,,12089939464,nodes,,,1.0,0.72,0.5692778096863186,,,,,,,,,,True,2025-06-17T13:08:11.477365,Tajikistan,
Муассисаи таҳсилоти миёнаи умумии №2 ба номи Байрамбеков Холумбек деҳаи Исор ноҳияи Ишкошим,,school,,,,,,,,12090105967,nodes,,,1.0,0.72,0.4688369718213781,,,,,,,,,,True,2025-06-17T13:08:11.477365,Tajikistan,
Муассисаи таҳсилоти миёнаи умумии №4 деҳаи Зонг ноҳияи Ишкошим ВМКБ,,school,,,,,,,,12090105968,nodes,,,1.0,0.72,0.4688369718213781,,,,,,,,,,True,2025-06-17T13:08:11.477365,Tajikistan,
Муассисаи таҳсилоти миёнаи умумии №21 ноҳияи Ишкошим,,school,,,,,,,,12084960455,nodes,,,1.0,0.72,0.7666666666666666,,,,,,,,,,True,2025-06-17T13:08:11.477365,Tajikistan,
Муассисаи таҳсилоти миёнаи умумии №7-и деҳаи Дамоби ноҳияи Сангвор,,school,,,,,,,,12215052859,nodes,,,0.8469763002051681,0.72,0.2600159596538256,,,,,,,,,,True,2025-06-17T13:08:11.477365,Tajikistan,
Муассисаи таҳсилоти миёнаи умумии №6-и ба номи Одина Раҳматуллоев ноҳияи Рушони ВМКБ,,school,,,,,,,,3818371424,nodes,,,0.900448331431826,0.6311111111111112,0.3616972194390646,,,,,,,,,,True,2025-06-17T13:08:11.477365,Tajikistan,
Муассисаи таҳсилоти миёнаи умумии №9 ба номи Отамбек Илчибеков ноҳияи Рушони ВМКБ,School #9 Otambekov Ilchibek,school,,,,,,,,12216441319,nodes,,,0.8349538126369743,0.5914285714285714,0.353470243910667,,,,,,,,,,True,2025-06-17T13:08:11.477365,Tajikistan,
Муассисаи таҳсилоти миёнаи умумии №7-и деҳаи Дриж ноҳияи Ишкошим ВМКБ,,school,,,,,,,,12387341045,nodes,,,1.0,0.72,0.5894538215205262,,,,,,,,,,True,2025-06-17T13:08:11.477365,Tajikistan,
Лицей Рахнамо,,school,,,,,,,,9774274809,nodes,,,0.049708710988982385,0.28904905361737543,0.117582917888167,,,,,,,,,,True,2025-06-17T13:08:11.477365,Tajikistan,
Дилноз учебный центр,,school,,,,,,,,9774300920,nodes,,,0.08632354538575554,0.30221568937871074,0.1253568649428302,,,,,,,,,,True,2025-06-17T13:08:11.477365,Tajikistan,
Школа №63,,school,,,,,,,,9774300936,nodes,,,0.08053451248549687,0.40167262499973233,0.12362480801504605,,,,,,,,,,True,2025-06-17T13:08:11.477365,Tajikistan,
МТМУ №65,,school,,,,,Шайдон,,,12641681978,nodes,,,1.0,0.72,0.9,,,,,,,,,,True,2025-06-17T13:08:11.477365,Tajikistan,
Мактаб-интернати ҷумҳуриявӣ,Regional Boarding School,school,,,,,,,,3787030202,nodes,,,0.8257845800056952,0.6266666666666667,0.3662382622697844,,,,,,,,,,True,2025-06-17T13:08:11.477365,Tajikistan,
Гимназии «Кавсар»,Gymnasium „Kavsar“,school,,,,,,,,5479300921,nodes,,,0.651925015294643,0.5011162446781772,0.5669670609446308,,,,,,,,,,True,2025-06-17T13:08:11.477365,Tajikistan,
Школа № 54,,school,,,,,,,,5909921968,nodes,,,1.0,0.76,0.9,,,,,,,,,,True,2025-06-17T13:08:11.477365,Tajikistan,
,,school,,,,,,,,9499807236,nodes,,,0.9683244690919447,0.6866666666666668,0.39203409212857016,,,,,,,,,,True,2025-06-17T13:08:11.477365,Tajikistan,
Частная Гимназия,,school,,,,,,,,11342086108,nodes,,,0.7060114787596107,0.4769491525423728,0.3895544092022825,,,,,,,,,,True,2025-06-17T13:08:11.477365,Tajikistan,
Music school No.3,,school,,,,,,,,9523366088,nodes,,,0.0034405207377728175,0.3822583375502768,0.10814008932315357,,,,,,,,,,True,2025-06-17T13:08:11.477365,Tajikistan,
,,school,,,,,,,,3945547794,nodes,,,0.9683244690919447,0.6866666666666668,0.46317603190665785,,,,,,,,,,True,2025-06-17T13:08:11.477365,Tajikistan,
,,school,,,,,,,,3945547796,nodes,,,0.9683244690919447,0.6866666666666668,0.43718519522799615,,,,,,,,,,True,2025-06-17T13:08:11.477365,Tajikistan,
,,school,,,,,,,,3945547798,nodes,,,0.9683244690919447,0.6866666666666668,0.433930540397738,,,,,,,,,,True,2025-06-17T13:08:11.477365,Tajikistan,
,,school,,,,,,,,3945547807,nodes,,,0.9683244690919447,0.6866666666666668,0.46265108814354466,,,,,,,,,,True,2025-06-17T13:08:11.477365,Tajikistan,
,,school,,,,,,,,3945547809,nodes,,,0.9683244690919447,0.6866666666666668,0.46265108814354466,,,,,,,,,,True,2025-06-17T13:08:11.477365,Tajikistan,
Школа 100,,school,,,,,,,,5346827823,nodes,,,0.07236402680068371,0.3917492102679617,0.12195350519705062,,,,,,,,,,True,2025-06-17T13:08:11.477365,Tajikistan,
Филиали муассисаи таҳсилоти миёнаи умумии N30 ноҳияи Айнӣ дар водии Яғноб,School #30 Yaghnob Valley,school,,,,,,,Филиали муассисаи таҳсилоти миёнаи умумии N30 ноҳияи Айнӣ дар водии Яғноб,10856142135,nodes,,,1.0,0.72,0.6262534442800051,,,,,,,,,,True,2025-06-17T13:08:11.477365,Tajikistan,
Школа 22,,school,,,,,,,,10837373386,nodes,,,0.8598077906897442,0.6506832372290801,0.634013825573365,,,,,,,,,,True,2025-06-17T13:08:11.477365,Tajikistan,
Лицей с Технологическим уклоном им. Н.Назримадов,,school,,,,,,,,12729816201,nodes,,,0.7060114787596107,0.4769491525423728,0.4003589505538745,,,,,,,,,,True,2025-06-17T13:08:11.477365,Tajikistan,
Мактаби миёнаи №11,School №11,school,,,,,,,,4785749264,nodes,,,0.030786454805662222,0.3855370006458868,0.1191418567245273,,,,,,,,,,True,2025-06-17T13:08:11.477365,Tajikistan,
Школа №6,,school,,,,,,,,9774274802,nodes,,,0.04557029930895562,0.38812198471968357,0.11665516785101866,,,,,,,,,,True,2025-06-17T13:08:11.477365,Tajikistan,
,,school,,,,,,,,12041320242,nodes,,,0.4652703703275256,0.5577816221311056,0.2897965223568449,,,,,,,,,,True,2025-06-17T13:08:11.477365,Tajikistan,
Мактаби №39,,school,,,,,,,,11572265166,nodes,,,0.9683244690919447,0.7266666666666667,0.38826859401611896,,,,,,,,,,True,2025-06-17T13:08:11.477365,Tajikistan,
Мактаби №36,,school,,,,,,,,11572267922,nodes,,,0.8451418488939514,0.6369230769230769,0.3674595895540122,,,,,,,,,,True,2025-06-17T13:08:11.477365,Tajikistan,
Мактаби №21,,school,,,,,,,,11572260644,nodes,,,0.8451418488939514,0.6369230769230769,0.36083352037898114,,,,,,,,,,True,2025-06-17T13:08:11.477365,Tajikistan,
Мактаби №21,,school,,,,,,,,11572290535,nodes,,,0.8451418488939514,0.6369230769230769,0.35972880242831123,,,,,,,,,,True,2025-06-17T13:08:11.477365,Tajikistan,
Мактаби №6,,school,,,,,,,,11518358137,nodes,,,0.8451418488939514,0.6369230769230769,0.3884833006976873,,,,,,,,,,True,2025-06-17T13:08:11.477365,Tajikistan,
Мактаби №3,,school,,,,,,,,11518374276,nodes,,,0.8451418488939514,0.6369230769230769,0.38464364468710116,,,,,,,,,,True,2025-06-17T13:08:11.477365,Tajikistan,
Мактаби №40,,school,,,,,,,,11518378911,nodes,,,0.8451418488939514,0.6369230769230769,0.3692267885655042,,,,,,,,,,True,2025-06-17T13:08:11.477365,Tajikistan,
Мактаби №25,,school,,,,,,,,11518384958,nodes,,,0.8451418488939514,0.6369230769230769,0.37068415805099897,,,,,,,,,,True,2025-06-17T13:08:11.477365,Tajikistan,
Мактаби Тоҷикистон Россия дар Кӯлоб,,school,,,,,,,,11518335689,nodes,,,0.8451418488939514,0.6369230769230769,0.37714510245432736,,,,,,,,,,True,2025-06-17T13:08:11.477365,Tajikistan,
Мактаби Таҳсилоти умуми асосии №73,Public middle school #73,school,,,,,,,,11428402152,nodes,,,0.4434361648040105,0.560984690249315,0.3347600311230698,,,,,,,,,,True,2025-06-17T13:08:11.477365,Tajikistan,
,,school,,,,,,,,11401510533,nodes,,,0.9618094186880651,0.72,0.3628885516123883,,,,,,,,,,True,2025-06-17T13:08:11.477365,Tajikistan,
школа им. Ломоносова,,school,,,,,,,,12760370201,nodes,,,0.7060114787596107,0.5769491525423728,0.3984140416225214,,,,,,,,,,True,2025-06-17T13:08:11.477365,Tajikistan,
Лицей,,school,,,,,,,,6859104585,nodes,,,0.8257845800056952,0.5266666666666666,0.5701108666907008,,,,,,,,,,True,2025-06-17T13:08:11.477365,Tajikistan,
Школа № 18,,school,,,,,,,,5992985788,nodes,,,0.6313461052274788,0.5296482583709257,0.568995435308859,,,,,,,,,,True,2025-06-17T13:08:11.477365,Tajikistan,
Мактаб музиқии бачагона,,school,,,,,,,,12095563690,nodes,,,0.9419281933352318,0.7028571428571428,0.26845442898716315,,,,,,,,,,True,2025-06-17T13:08:11.477365,Tajikistan,
"Shkola-9 ""Manas""",,school,,,,,,,,7989309685,nodes,,,0.9419281933352318,0.6628571428571429,0.2644911602054741,,,,,,,,,,True,2025-06-17T13:08:11.477365,Tajikistan,
,,school,,,,,,,,12843415344,nodes,,,1.0,0.72,0.5733481555229273,,,,,,,,,,True,2025-06-17T13:08:11.477365,Tajikistan,
